20181229190614,3000,40,220,60,120.7,25,10
20181229190615,3400,44,221,61,129.7,28,11
20181229190616,3800,48,222,62,140.7,32,12
20181229190617,3600,46,223,59,150.7,30,9
20181229190614,3000,40,220,60,120.7,25,10
20181229190615,3400,44,221,61,129.7,28,11
20181229190616,3800,48,222,62,140.7,32,12
20181229190617,3600,46,223,59,150.7,30,9
20181229190614,3000,40,220,60,120.7,25,10
20181229190615,3400,44,221,61,129.7,28,11
20181229190616,3800,48,222,62,140.7,32,12
20181229190617,3600,46,223,59,150.7,30,9
20181229190614,3000,40,220,60,120.7,25,10
20181229190615,3400,44,221,61,129.7,28,11
20181229190616,3800,48,222,62,140.7,32,12
20181229190617,3600,46,223,59,150.7,30,9
20181229190614,3000,40,220,60,120.7,25,10
20181229190615,3400,44,221,61,129.7,28,11
20181229190616,3800,48,222,62,140.7,32,12
20181229190617,3600,46,223,59,150.7,30,9
20181229190614,3000,40,220,60,120.7,25,10
20181229190615,3400,44,221,61,129.7,28,11
20181229190616,3800,48,222,62,140.7,32,12
20181229190617,3600,46,223,59,150.7,30,9
20181229190614,3000,40,220,60,120.7,25,10
20181229190615,3400,44,221,61,129.7,28,11
20181229190616,3800,48,222,62,140.7,32,12
20181229190617,3600,46,223,59,150.7,30,9
20181229190614,3000,40,220,60,120.7,25,10
20181229190615,3400,44,221,61,129.7,28,11
20181229190616,3800,48,222,62,140.7,32,12
20181229190617,3600,46,223,59,150.7,30,9
20181229190614,3000,40,220,60,120.7,25,10
20181229190615,3400,44,221,61,129.7,28,11
20181229190616,3800,48,222,62,140.7,32,12
20181229190617,3600,46,223,59,150.7,30,9
20181229190614,3000,40,220,60,120.7,25,10
20181229190615,3400,44,221,61,129.7,28,11
20181229190616,3800,48,222,62,140.7,32,12
20181229190617,3600,46,223,59,150.7,30,9
20181229190614,3000,40,220,60,120.7,25,10
20181229190615,3400,44,221,61,129.7,28,11
20181229190616,3800,48,222,62,140.7,32,12
20181229190617,3600,46,223,59,150.7,30,9
20181229190614,3000,40,220,60,120.7,25,10
20181229190615,3400,44,221,61,129.7,28,11
20181229190616,3800,48,222,62,140.7,32,12
20181229190617,3600,46,223,59,150.7,30,9
20181229190614,3000,40,220,60,120.7,25,10
20181229190615,3400,44,221,61,129.7,28,11
20181229190616,3800,48,222,62,140.7,32,12
20181229190617,3600,46,223,59,150.7,30,9
20181229190614,3000,40,220,60,120.7,25,10
20181229190615,3400,44,221,61,129.7,28,11
20181229190616,3800,48,222,62,140.7,32,12
20181229190617,3600,46,223,59,150.7,30,9
20181229190614,3000,40,220,60,120.7,25,10
20181229190615,3400,44,221,61,129.7,28,11
20181229190616,3800,48,222,62,140.7,32,12
20181229190617,3600,46,223,59,150.7,30,9
20181229190614,3000,40,220,60,120.7,25,10
20181229190615,3400,44,221,61,129.7,28,11
20181229190616,3800,48,222,62,140.7,32,12
20181229190617,3600,46,223,59,150.7,30,9
20181229190614,3000,40,220,60,120.7,25,10
20181229190615,3400,44,221,61,129.7,28,11
20181229190616,3800,48,222,62,140.7,32,12
20181229190617,3600,46,223,59,150.7,30,9
20181229190614,3000,40,220,60,120.7,25,10
20181229190615,3400,44,221,61,129.7,28,11
20181229190616,3800,48,222,62,140.7,32,12
20181229190617,3600,46,223,59,150.7,30,9
20181229190614,3000,40,220,60,120.7,25,10
20181229190615,3400,44,221,61,129.7,28,11
20181229190616,3800,48,222,62,140.7,32,12
20181229190617,3600,46,223,59,150.7,30,9
20181229190614,3000,40,220,60,120.7,25,10
20181229190615,3400,44,221,61,129.7,28,11
20181229190616,3800,48,222,62,140.7,32,12
20181229190617,3600,46,223,59,150.7,30,9
20181229190614,3000,40,220,60,120.7,25,10
20181229190615,3400,44,221,61,129.7,28,11
20181229190616,3800,48,222,62,140.7,32,12
20181229190617,3600,46,223,59,150.7,30,9
20181229190614,3000,40,220,60,120.7,25,10
20181229190615,3400,44,221,61,129.7,28,11
20181229190616,3800,48,222,62,140.7,32,12
20181229190617,3600,46,223,59,150.7,30,9
20181229190614,3000,40,220,60,120.7,25,10
20181229190615,3400,44,221,61,129.7,28,11
20181229190616,3800,48,222,62,140.7,32,12
20181229190617,3600,46,223,59,150.7,30,9
20181229190614,3000,40,220,60,120.7,25,10
20181229190615,3400,44,221,61,129.7,28,11
20181229190616,3800,48,222,62,140.7,32,12
20181229190617,3600,46,223,59,150.7,30,9
20181229190614,3000,40,220,60,120.7,25,10
20181229190615,3400,44,221,61,129.7,28,11
20181229190616,3800,48,222,62,140.7,32,12
20181229190617,3600,46,223,59,150.7,30,9
20181229190614,3000,40,220,60,120.7,25,10
20181229190615,3400,44,221,61,129.7,28,11
20181229190616,3800,48,222,62,140.7,32,12
20181229190617,3600,46,223,59,150.7,30,9
20181229190614,3000,40,220,60,120.7,25,10
20181229190615,3400,44,221,61,129.7,28,11
20181229190616,3800,48,222,62,140.7,32,12
20181229190617,3600,46,223,59,150.7,30,9
20181229190614,3000,40,220,60,120.7,25,10
20181229190615,3400,44,221,61,129.7,28,11
20181229190616,3800,48,222,62,140.7,32,12
20181229190617,3600,46,223,59,150.7,30,9
20181229190614,3000,40,220,60,120.7,25,10
20181229190615,3400,44,221,61,129.7,28,11
20181229190616,3800,48,222,62,140.7,32,12
20181229190617,3600,46,223,59,150.7,30,9
20181229190614,3000,40,220,60,120.7,25,10
20181229190615,3400,44,221,61,129.7,28,11
20181229190616,3800,48,222,62,140.7,32,12
20181229190617,3600,46,223,59,150.7,30,9
20181229190614,3000,40,220,60,120.7,25,10
20181229190615,3400,44,221,61,129.7,28,11
20181229190616,3800,48,222,62,140.7,32,12
20181229190617,3600,46,223,59,150.7,30,9
20181229190614,3000,40,220,60,120.7,25,10
20181229190615,3400,44,221,61,129.7,28,11
20181229190616,3800,48,222,62,140.7,32,12
20181229190617,3600,46,223,59,150.7,30,9
20181229190614,3000,40,220,60,120.7,25,10
20181229190615,3400,44,221,61,129.7,28,11
20181229190616,3800,48,222,62,140.7,32,12
20181229190617,3600,46,223,59,150.7,30,9
20181229190614,3000,40,220,60,120.7,25,10
20181229190615,3400,44,221,61,129.7,28,11
20181229190616,3800,48,222,62,140.7,32,12
20181229190617,3600,46,223,59,150.7,30,9
20181229190614,3000,40,220,60,120.7,25,10
20181229190615,3400,44,221,61,129.7,28,11
20181229190616,3800,48,222,62,140.7,32,12
20181229190617,3600,46,223,59,150.7,30,9
20181229190614,3000,40,220,60,120.7,25,10
20181229190615,3400,44,221,61,129.7,28,11
20181229190616,3800,48,222,62,140.7,32,12
20181229190617,3600,46,223,59,150.7,30,9
20181229190614,3000,40,220,60,120.7,25,10
20181229190615,3400,44,221,61,129.7,28,11
20181229190616,3800,48,222,62,140.7,32,12
20181229190617,3600,46,223,59,150.7,30,9
20181229190614,3000,40,220,60,120.7,25,10
20181229190615,3400,44,221,61,129.7,28,11
20181229190616,3800,48,222,62,140.7,32,12
20181229190617,3600,46,223,59,150.7,30,9
20181229190614,3000,40,220,60,120.7,25,10
20181229190615,3400,44,221,61,129.7,28,11
20181229190616,3800,48,222,62,140.7,32,12
20181229190617,3600,46,223,59,150.7,30,9
20181229190614,3000,40,220,60,120.7,25,10
20181229190615,3400,44,221,61,129.7,28,11
20181229190616,3800,48,222,62,140.7,32,12
20181229190617,3600,46,223,59,150.7,30,9
20181229190614,3000,40,220,60,120.7,25,10
20181229190615,3400,44,221,61,129.7,28,11
20181229190616,3800,48,222,62,140.7,32,12
20181229190617,3600,46,223,59,150.7,30,9
20181229190614,3000,40,220,60,120.7,25,10
20181229190615,3400,44,221,61,129.7,28,11
20181229190616,3800,48,222,62,140.7,32,12
20181229190617,3600,46,223,59,150.7,30,9
20181229190614,3000,40,220,60,120.7,25,10
20181229190615,3400,44,221,61,129.7,28,11
20181229190616,3800,48,222,62,140.7,32,12
20181229190617,3600,46,223,59,150.7,30,9
20181229190614,3000,40,220,60,120.7,25,10
20181229190615,3400,44,221,61,129.7,28,11
20181229190616,3800,48,222,62,140.7,32,12
20181229190617,3600,46,223,59,150.7,30,9
20181229190614,3000,40,220,60,120.7,25,10
20181229190615,3400,44,221,61,129.7,28,11
20181229190616,3800,48,222,62,140.7,32,12
20181229190617,3600,46,223,59,150.7,30,9
20181229190614,3000,40,220,60,120.7,25,10
20181229190615,3400,44,221,61,129.7,28,11
20181229190616,3800,48,222,62,140.7,32,12
20181229190617,3600,46,223,59,150.7,30,9
20181229190614,3000,40,220,60,120.7,25,10
20181229190615,3400,44,221,61,129.7,28,11
20181229190616,3800,48,222,62,140.7,32,12
20181229190617,3600,46,223,59,150.7,30,9
20181229190614,3000,40,220,60,120.7,25,10
20181229190615,3400,44,221,61,129.7,28,11
20181229190616,3800,48,222,62,140.7,32,12
20181229190617,3600,46,223,59,150.7,30,9
20181229190614,3000,40,220,60,120.7,25,10
20181229190615,3400,44,221,61,129.7,28,11
20181229190616,3800,48,222,62,140.7,32,12
20181229190617,3600,46,223,59,150.7,30,9
20181229190614,3000,40,220,60,120.7,25,10
20181229190615,3400,44,221,61,129.7,28,11
20181229190616,3800,48,222,62,140.7,32,12
20181229190617,3600,46,223,59,150.7,30,9
20181229190614,3000,40,220,60,120.7,25,10
20181229190615,3400,44,221,61,129.7,28,11
20181229190616,3800,48,222,62,140.7,32,12
20181229190617,3600,46,223,59,150.7,30,9
20181229190614,3000,40,220,60,120.7,25,10
20181229190615,3400,44,221,61,129.7,28,11
20181229190616,3800,48,222,62,140.7,32,12
20181229190617,3600,46,223,59,150.7,30,9
20181229190614,3000,40,220,60,120.7,25,10
20181229190615,3400,44,221,61,129.7,28,11
20181229190616,3800,48,222,62,140.7,32,12
20181229190617,3600,46,223,59,150.7,30,9
20181229190614,3000,40,220,60,120.7,25,10
20181229190615,3400,44,221,61,129.7,28,11
20181229190616,3800,48,222,62,140.7,32,12
20181229190617,3600,46,223,59,150.7,30,9
20181229190614,3000,40,220,60,120.7,25,10
20181229190615,3400,44,221,61,129.7,28,11
20181229190616,3800,48,222,62,140.7,32,12
20181229190617,3600,46,223,59,150.7,30,9
20181229190614,3000,40,220,60,120.7,25,10
20181229190615,3400,44,221,61,129.7,28,11
20181229190616,3800,48,222,62,140.7,32,12
20181229190617,3600,46,223,59,150.7,30,9
20181229190614,3000,40,220,60,120.7,25,10
20181229190615,3400,44,221,61,129.7,28,11
20181229190616,3800,48,222,62,140.7,32,12
20181229190617,3600,46,223,59,150.7,30,9
20181229190614,3000,40,220,60,120.7,25,10
20181229190615,3400,44,221,61,129.7,28,11
20181229190616,3800,48,222,62,140.7,32,12
20181229190617,3600,46,223,59,150.7,30,9
20181229190614,3000,40,220,60,120.7,25,10
20181229190615,3400,44,221,61,129.7,28,11
20181229190616,3800,48,222,62,140.7,32,12
20181229190617,3600,46,223,59,150.7,30,9
20181229190614,3000,40,220,60,120.7,25,10
20181229190615,3400,44,221,61,129.7,28,11
20181229190616,3800,48,222,62,140.7,32,12
20181229190617,3600,46,223,59,150.7,30,9
20181229190614,3000,40,220,60,120.7,25,10
20181229190615,3400,44,221,61,129.7,28,11
20181229190616,3800,48,222,62,140.7,32,12
20181229190617,3600,46,223,59,150.7,30,9
20181229190614,3000,40,220,60,120.7,25,10
20181229190615,3400,44,221,61,129.7,28,11
20181229190616,3800,48,222,62,140.7,32,12
20181229190617,3600,46,223,59,150.7,30,9
20181229190614,3000,40,220,60,120.7,25,10
20181229190615,3400,44,221,61,129.7,28,11
20181229190616,3800,48,222,62,140.7,32,12
20181229190617,3600,46,223,59,150.7,30,9
20181229190614,3000,40,220,60,120.7,25,10
20181229190615,3400,44,221,61,129.7,28,11
20181229190616,3800,48,222,62,140.7,32,12
20181229190617,3600,46,223,59,150.7,30,9
20181229190614,3000,40,220,60,120.7,25,10
20181229190615,3400,44,221,61,129.7,28,11
20181229190616,3800,48,222,62,140.7,32,12
20181229190617,3600,46,223,59,150.7,30,9
20181229190614,3000,40,220,60,120.7,25,10
20181229190615,3400,44,221,61,129.7,28,11
20181229190616,3800,48,222,62,140.7,32,12
20181229190617,3600,46,223,59,150.7,30,9
20181229190614,3000,40,220,60,120.7,25,10
20181229190615,3400,44,221,61,129.7,28,11
20181229190616,3800,48,222,62,140.7,32,12
20181229190617,3600,46,223,59,150.7,30,9
20181229190614,3000,40,220,60,120.7,25,10
20181229190615,3400,44,221,61,129.7,28,11
20181229190616,3800,48,222,62,140.7,32,12
20181229190617,3600,46,223,59,150.7,30,9
20181229190614,3000,40,220,60,120.7,25,10
20181229190615,3400,44,221,61,129.7,28,11
20181229190616,3800,48,222,62,140.7,32,12
20181229190617,3600,46,223,59,150.7,30,9
20181229190614,3000,40,220,60,120.7,25,10
20181229190615,3400,44,221,61,129.7,28,11
20181229190616,3800,48,222,62,140.7,32,12
20181229190617,3600,46,223,59,150.7,30,9
20181229190614,3000,40,220,60,120.7,25,10
20181229190615,3400,44,221,61,129.7,28,11
20181229190616,3800,48,222,62,140.7,32,12
20181229190617,3600,46,223,59,150.7,30,9
20181229190614,3000,40,220,60,120.7,25,10
20181229190615,3400,44,221,61,129.7,28,11
20181229190616,3800,48,222,62,140.7,32,12
20181229190617,3600,46,223,59,150.7,30,9
20181229190614,3000,40,220,60,120.7,25,10
20181229190615,3400,44,221,61,129.7,28,11
20181229190616,3800,48,222,62,140.7,32,12
20181229190617,3600,46,223,59,150.7,30,9
20181229190614,3000,40,220,60,120.7,25,10
20181229190615,3400,44,221,61,129.7,28,11
20181229190616,3800,48,222,62,140.7,32,12
20181229190617,3600,46,223,59,150.7,30,9
20181229190614,3000,40,220,60,120.7,25,10
20181229190615,3400,44,221,61,129.7,28,11
20181229190616,3800,48,222,62,140.7,32,12
20181229190617,3600,46,223,59,150.7,30,9
20181229190614,3000,40,220,60,120.7,25,10
20181229190615,3400,44,221,61,129.7,28,11
20181229190616,3800,48,222,62,140.7,32,12
20181229190617,3600,46,223,59,150.7,30,9
20181229190614,3000,40,220,60,120.7,25,10
20181229190615,3400,44,221,61,129.7,28,11
20181229190616,3800,48,222,62,140.7,32,12
20181229190617,3600,46,223,59,150.7,30,9
20181229190614,3000,40,220,60,120.7,25,10
20181229190615,3400,44,221,61,129.7,28,11
20181229190616,3800,48,222,62,140.7,32,12
20181229190617,3600,46,223,59,150.7,30,9
20181229190614,3000,40,220,60,120.7,25,10
20181229190615,3400,44,221,61,129.7,28,11
20181229190616,3800,48,222,62,140.7,32,12
20181229190617,3600,46,223,59,150.7,30,9
20181229190614,3000,40,220,60,120.7,25,10
20181229190615,3400,44,221,61,129.7,28,11
20181229190616,3800,48,222,62,140.7,32,12
20181229190617,3600,46,223,59,150.7,30,9
20181229190614,3000,40,220,60,120.7,25,10
20181229190615,3400,44,221,61,129.7,28,11
20181229190616,3800,48,222,62,140.7,32,12
20181229190617,3600,46,223,59,150.7,30,9
20181229190614,3000,40,220,60,120.7,25,10
20181229190615,3400,44,221,61,129.7,28,11
20181229190616,3800,48,222,62,140.7,32,12
20181229190617,3600,46,223,59,150.7,30,9
20181229190614,3000,40,220,60,120.7,25,10
20181229190615,3400,44,221,61,129.7,28,11
20181229190616,3800,48,222,62,140.7,32,12
20181229190617,3600,46,223,59,150.7,30,9
20181229190614,3000,40,220,60,120.7,25,10
20181229190615,3400,44,221,61,129.7,28,11
20181229190616,3800,48,222,62,140.7,32,12
20181229190617,3600,46,223,59,150.7,30,9
20181229190614,3000,40,220,60,120.7,25,10
20181229190615,3400,44,221,61,129.7,28,11
20181229190616,3800,48,222,62,140.7,32,12
20181229190617,3600,46,223,59,150.7,30,9
20181229190614,3000,40,220,60,120.7,25,10
20181229190615,3400,44,221,61,129.7,28,11
20181229190616,3800,48,222,62,140.7,32,12
20181229190617,3600,46,223,59,150.7,30,9
20181229190614,3000,40,220,60,120.7,25,10
20181229190615,3400,44,221,61,129.7,28,11
20181229190616,3800,48,222,62,140.7,32,12
20181229190617,3600,46,223,59,150.7,30,9
20181229190614,3000,40,220,60,120.7,25,10
20181229190615,3400,44,221,61,129.7,28,11
20181229190616,3800,48,222,62,140.7,32,12
20181229190617,3600,46,223,59,150.7,30,9
20181229190614,3000,40,220,60,120.7,25,10
20181229190615,3400,44,221,61,129.7,28,11
20181229190616,3800,48,222,62,140.7,32,12
20181229190617,3600,46,223,59,150.7,30,9
20181229190614,3000,40,220,60,120.7,25,10
20181229190615,3400,44,221,61,129.7,28,11
20181229190616,3800,48,222,62,140.7,32,12
20181229190617,3600,46,223,59,150.7,30,9
20181229190614,3000,40,220,60,120.7,25,10
20181229190615,3400,44,221,61,129.7,28,11
20181229190616,3800,48,222,62,140.7,32,12
20181229190617,3600,46,223,59,150.7,30,9
20181229190614,3000,40,220,60,120.7,25,10
20181229190615,3400,44,221,61,129.7,28,11
20181229190616,3800,48,222,62,140.7,32,12
20181229190617,3600,46,223,59,150.7,30,9
20181229190614,3000,40,220,60,120.7,25,10
20181229190615,3400,44,221,61,129.7,28,11
20181229190616,3800,48,222,62,140.7,32,12
20181229190617,3600,46,223,59,150.7,30,9
20181229190614,3000,40,220,60,120.7,25,10
20181229190615,3400,44,221,61,129.7,28,11
20181229190616,3800,48,222,62,140.7,32,12
20181229190617,3600,46,223,59,150.7,30,9
20181229190614,3000,40,220,60,120.7,25,10
20181229190615,3400,44,221,61,129.7,28,11
20181229190616,3800,48,222,62,140.7,32,12
20181229190617,3600,46,223,59,150.7,30,9
20181229190614,3000,40,220,60,120.7,25,10
20181229190615,3400,44,221,61,129.7,28,11
20181229190616,3800,48,222,62,140.7,32,12
20181229190617,3600,46,223,59,150.7,30,9
20181229190614,3000,40,220,60,120.7,25,10
20181229190615,3400,44,221,61,129.7,28,11
20181229190616,3800,48,222,62,140.7,32,12
20181229190617,3600,46,223,59,150.7,30,9
20181229190614,3000,40,220,60,120.7,25,10
20181229190615,3400,44,221,61,129.7,28,11
20181229190616,3800,48,222,62,140.7,32,12
20181229190617,3600,46,223,59,150.7,30,9
20181229190614,3000,40,220,60,120.7,25,10
20181229190615,3400,44,221,61,129.7,28,11
20181229190616,3800,48,222,62,140.7,32,12
20181229190617,3600,46,223,59,150.7,30,9
20181229190614,3000,40,220,60,120.7,25,10
20181229190615,3400,44,221,61,129.7,28,11
20181229190616,3800,48,222,62,140.7,32,12
20181229190617,3600,46,223,59,150.7,30,9
20181229190614,3000,40,220,60,120.7,25,10
20181229190615,3400,44,221,61,129.7,28,11
20181229190616,3800,48,222,62,140.7,32,12
20181229190617,3600,46,223,59,150.7,30,9
20181229190614,3000,40,220,60,120.7,25,10
20181229190615,3400,44,221,61,129.7,28,11
20181229190616,3800,48,222,62,140.7,32,12
20181229190617,3600,46,223,59,150.7,30,9
20181229190614,3000,40,220,60,120.7,25,10
20181229190615,3400,44,221,61,129.7,28,11
20181229190616,3800,48,222,62,140.7,32,12
20181229190617,3600,46,223,59,150.7,30,9
20181229190614,3000,40,220,60,120.7,25,10
20181229190615,3400,44,221,61,129.7,28,11
20181229190616,3800,48,222,62,140.7,32,12
20181229190617,3600,46,223,59,150.7,30,9
20181229190614,3000,40,220,60,120.7,25,10
20181229190615,3400,44,221,61,129.7,28,11
20181229190616,3800,48,222,62,140.7,32,12
20181229190617,3600,46,223,59,150.7,30,9
20181229190614,3000,40,220,60,120.7,25,10
20181229190615,3400,44,221,61,129.7,28,11
20181229190616,3800,48,222,62,140.7,32,12
20181229190617,3600,46,223,59,150.7,30,9
20181229190614,3000,40,220,60,120.7,25,10
20181229190615,3400,44,221,61,129.7,28,11
20181229190616,3800,48,222,62,140.7,32,12
20181229190617,3600,46,223,59,150.7,30,9
20181229190614,3000,40,220,60,120.7,25,10
20181229190615,3400,44,221,61,129.7,28,11
20181229190616,3800,48,222,62,140.7,32,12
20181229190617,3600,46,223,59,150.7,30,9
20181229190614,3000,40,220,60,120.7,25,10
20181229190615,3400,44,221,61,129.7,28,11
20181229190616,3800,48,222,62,140.7,32,12
20181229190617,3600,46,223,59,150.7,30,9
20181229190614,3000,40,220,60,120.7,25,10
20181229190615,3400,44,221,61,129.7,28,11
20181229190616,3800,48,222,62,140.7,32,12
20181229190617,3600,46,223,59,150.7,30,9
20181229190614,3000,40,220,60,120.7,25,10
20181229190615,3400,44,221,61,129.7,28,11
20181229190616,3800,48,222,62,140.7,32,12
20181229190617,3600,46,223,59,150.7,30,9
20181229190614,3000,40,220,60,120.7,25,10
20181229190615,3400,44,221,61,129.7,28,11
20181229190616,3800,48,222,62,140.7,32,12
20181229190617,3600,46,223,59,150.7,30,9
20181229190614,3000,40,220,60,120.7,25,10
20181229190615,3400,44,221,61,129.7,28,11
20181229190616,3800,48,222,62,140.7,32,12
20181229190617,3600,46,223,59,150.7,30,9
20181229190614,3000,40,220,60,120.7,25,10
20181229190615,3400,44,221,61,129.7,28,11
20181229190616,3800,48,222,62,140.7,32,12
20181229190617,3600,46,223,59,150.7,30,9
20181229190614,3000,40,220,60,120.7,25,10
20181229190615,3400,44,221,61,129.7,28,11
20181229190616,3800,48,222,62,140.7,32,12
20181229190617,3600,46,223,59,150.7,30,9
20181229190614,3000,40,220,60,120.7,25,10
20181229190615,3400,44,221,61,129.7,28,11
20181229190616,3800,48,222,62,140.7,32,12
20181229190617,3600,46,223,59,150.7,30,9
20181229190614,3000,40,220,60,120.7,25,10
20181229190615,3400,44,221,61,129.7,28,11
20181229190616,3800,48,222,62,140.7,32,12
20181229190617,3600,46,223,59,150.7,30,9
20181229190614,3000,40,220,60,120.7,25,10
20181229190615,3400,44,221,61,129.7,28,11
20181229190616,3800,48,222,62,140.7,32,12
20181229190617,3600,46,223,59,150.7,30,9
20181229190614,3000,40,220,60,120.7,25,10
20181229190615,3400,44,221,61,129.7,28,11
20181229190616,3800,48,222,62,140.7,32,12
20181229190617,3600,46,223,59,150.7,30,9
20181229190614,3000,40,220,60,120.7,25,10
20181229190615,3400,44,221,61,129.7,28,11
20181229190616,3800,48,222,62,140.7,32,12
20181229190617,3600,46,223,59,150.7,30,9
20181229190614,3000,40,220,60,120.7,25,10
20181229190615,3400,44,221,61,129.7,28,11
20181229190616,3800,48,222,62,140.7,32,12
20181229190617,3600,46,223,59,150.7,30,9
20181229190614,3000,40,220,60,120.7,25,10
20181229190615,3400,44,221,61,129.7,28,11
20181229190616,3800,48,222,62,140.7,32,12
20181229190617,3600,46,223,59,150.7,30,9
20181229190614,3000,40,220,60,120.7,25,10
20181229190615,3400,44,221,61,129.7,28,11
20181229190616,3800,48,222,62,140.7,32,12
20181229190617,3600,46,223,59,150.7,30,9
20181229190614,3000,40,220,60,120.7,25,10
20181229190615,3400,44,221,61,129.7,28,11
20181229190616,3800,48,222,62,140.7,32,12
20181229190617,3600,46,223,59,150.7,30,9
20181229190614,3000,40,220,60,120.7,25,10
20181229190615,3400,44,221,61,129.7,28,11
20181229190616,3800,48,222,62,140.7,32,12
20181229190617,3600,46,223,59,150.7,30,9
20181229190614,3000,40,220,60,120.7,25,10
20181229190615,3400,44,221,61,129.7,28,11
20181229190616,3800,48,222,62,140.7,32,12
20181229190617,3600,46,223,59,150.7,30,9
20181229190614,3000,40,220,60,120.7,25,10
20181229190615,3400,44,221,61,129.7,28,11
20181229190616,3800,48,222,62,140.7,32,12
20181229190617,3600,46,223,59,150.7,30,9
20181229190614,3000,40,220,60,120.7,25,10
20181229190615,3400,44,221,61,129.7,28,11
20181229190616,3800,48,222,62,140.7,32,12
20181229190617,3600,46,223,59,150.7,30,9
20181229190614,3000,40,220,60,120.7,25,10
20181229190615,3400,44,221,61,129.7,28,11
20181229190616,3800,48,222,62,140.7,32,12
20181229190617,3600,46,223,59,150.7,30,9
20181229190614,3000,40,220,60,120.7,25,10
20181229190615,3400,44,221,61,129.7,28,11
20181229190616,3800,48,222,62,140.7,32,12
20181229190617,3600,46,223,59,150.7,30,9
20181229190614,3000,40,220,60,120.7,25,10
20181229190615,3400,44,221,61,129.7,28,11
20181229190616,3800,48,222,62,140.7,32,12
20181229190617,3600,46,223,59,150.7,30,9
20181229190614,3000,40,220,60,120.7,25,10
20181229190615,3400,44,221,61,129.7,28,11
20181229190616,3800,48,222,62,140.7,32,12
20181229190617,3600,46,223,59,150.7,30,9
20181229190614,3000,40,220,60,120.7,25,10
20181229190615,3400,44,221,61,129.7,28,11
20181229190616,3800,48,222,62,140.7,32,12
20181229190617,3600,46,223,59,150.7,30,9
20181229190614,3000,40,220,60,120.7,25,10
20181229190615,3400,44,221,61,129.7,28,11
20181229190616,3800,48,222,62,140.7,32,12
20181229190617,3600,46,223,59,150.7,30,9
20181229190614,3000,40,220,60,120.7,25,10
20181229190615,3400,44,221,61,129.7,28,11
20181229190616,3800,48,222,62,140.7,32,12
20181229190617,3600,46,223,59,150.7,30,9
20181229190614,3000,40,220,60,120.7,25,10
20181229190615,3400,44,221,61,129.7,28,11
20181229190616,3800,48,222,62,140.7,32,12
20181229190617,3600,46,223,59,150.7,30,9
20181229190614,3000,40,220,60,120.7,25,10
20181229190615,3400,44,221,61,129.7,28,11
20181229190616,3800,48,222,62,140.7,32,12
20181229190617,3600,46,223,59,150.7,30,9
20181229190614,3000,40,220,60,120.7,25,10
20181229190615,3400,44,221,61,129.7,28,11
20181229190616,3800,48,222,62,140.7,32,12
20181229190617,3600,46,223,59,150.7,30,9
20181229190614,3000,40,220,60,120.7,25,10
20181229190615,3400,44,221,61,129.7,28,11
20181229190616,3800,48,222,62,140.7,32,12
20181229190617,3600,46,223,59,150.7,30,9
20181229190614,3000,40,220,60,120.7,25,10
20181229190615,3400,44,221,61,129.7,28,11
20181229190616,3800,48,222,62,140.7,32,12
20181229190617,3600,46,223,59,150.7,30,9
20181229190614,3000,40,220,60,120.7,25,10
20181229190615,3400,44,221,61,129.7,28,11
20181229190616,3800,48,222,62,140.7,32,12
20181229190617,3600,46,223,59,150.7,30,9
20181229190614,3000,40,220,60,120.7,25,10
20181229190615,3400,44,221,61,129.7,28,11
20181229190616,3800,48,222,62,140.7,32,12
20181229190617,3600,46,223,59,150.7,30,9
20181229190614,3000,40,220,60,120.7,25,10
20181229190615,3400,44,221,61,129.7,28,11
20181229190616,3800,48,222,62,140.7,32,12
20181229190617,3600,46,223,59,150.7,30,9
20181229190614,3000,40,220,60,120.7,25,10
20181229190615,3400,44,221,61,129.7,28,11
20181229190616,3800,48,222,62,140.7,32,12
20181229190617,3600,46,223,59,150.7,30,9
20181229190614,3000,40,220,60,120.7,25,10
20181229190615,3400,44,221,61,129.7,28,11
20181229190616,3800,48,222,62,140.7,32,12
20181229190617,3600,46,223,59,150.7,30,9
20181229190614,3000,40,220,60,120.7,25,10
20181229190615,3400,44,221,61,129.7,28,11
20181229190616,3800,48,222,62,140.7,32,12
20181229190617,3600,46,223,59,150.7,30,9
20181229190614,3000,40,220,60,120.7,25,10
20181229190615,3400,44,221,61,129.7,28,11
20181229190616,3800,48,222,62,140.7,32,12
20181229190617,3600,46,223,59,150.7,30,9
20181229190614,3000,40,220,60,120.7,25,10
20181229190615,3400,44,221,61,129.7,28,11
20181229190616,3800,48,222,62,140.7,32,12
20181229190617,3600,46,223,59,150.7,30,9
20181229190614,3000,40,220,60,120.7,25,10
20181229190615,3400,44,221,61,129.7,28,11
20181229190616,3800,48,222,62,140.7,32,12
20181229190617,3600,46,223,59,150.7,30,9
20181229190614,3000,40,220,60,120.7,25,10
20181229190615,3400,44,221,61,129.7,28,11
20181229190616,3800,48,222,62,140.7,32,12
20181229190617,3600,46,223,59,150.7,30,9
20181229190614,3000,40,220,60,120.7,25,10
20181229190615,3400,44,221,61,129.7,28,11
20181229190616,3800,48,222,62,140.7,32,12
20181229190617,3600,46,223,59,150.7,30,9
20181229190614,3000,40,220,60,120.7,25,10
20181229190615,3400,44,221,61,129.7,28,11
20181229190616,3800,48,222,62,140.7,32,12
20181229190617,3600,46,223,59,150.7,30,9
20181229190614,3000,40,220,60,120.7,25,10
20181229190615,3400,44,221,61,129.7,28,11
20181229190616,3800,48,222,62,140.7,32,12
20181229190617,3600,46,223,59,150.7,30,9
20181229190614,3000,40,220,60,120.7,25,10
20181229190615,3400,44,221,61,129.7,28,11
20181229190616,3800,48,222,62,140.7,32,12
20181229190617,3600,46,223,59,150.7,30,9
20181229190614,3000,40,220,60,120.7,25,10
20181229190615,3400,44,221,61,129.7,28,11
20181229190616,3800,48,222,62,140.7,32,12
20181229190617,3600,46,223,59,150.7,30,9
20181229190614,3000,40,220,60,120.7,25,10
20181229190615,3400,44,221,61,129.7,28,11
20181229190616,3800,48,222,62,140.7,32,12
20181229190617,3600,46,223,59,150.7,30,9
20181229190614,3000,40,220,60,120.7,25,10
20181229190615,3400,44,221,61,129.7,28,11
20181229190616,3800,48,222,62,140.7,32,12
20181229190617,3600,46,223,59,150.7,30,9
20181229190614,3000,40,220,60,120.7,25,10
20181229190615,3400,44,221,61,129.7,28,11
20181229190616,3800,48,222,62,140.7,32,12
20181229190617,3600,46,223,59,150.7,30,9
20181229190614,3000,40,220,60,120.7,25,10
20181229190615,3400,44,221,61,129.7,28,11
20181229190616,3800,48,222,62,140.7,32,12
20181229190617,3600,46,223,59,150.7,30,9
20181229190614,3000,40,220,60,120.7,25,10
20181229190615,3400,44,221,61,129.7,28,11
20181229190616,3800,48,222,62,140.7,32,12
20181229190617,3600,46,223,59,150.7,30,9
20181229190614,3000,40,220,60,120.7,25,10
20181229190615,3400,44,221,61,129.7,28,11
20181229190616,3800,48,222,62,140.7,32,12
20181229190617,3600,46,223,59,150.7,30,9
20181229190614,3000,40,220,60,120.7,25,10
20181229190615,3400,44,221,61,129.7,28,11
20181229190616,3800,48,222,62,140.7,32,12
20181229190617,3600,46,223,59,150.7,30,9
20181229190614,3000,40,220,60,120.7,25,10
20181229190615,3400,44,221,61,129.7,28,11
20181229190616,3800,48,222,62,140.7,32,12
20181229190617,3600,46,223,59,150.7,30,9
20181229190614,3000,40,220,60,120.7,25,10
20181229190615,3400,44,221,61,129.7,28,11
20181229190616,3800,48,222,62,140.7,32,12
20181229190617,3600,46,223,59,150.7,30,9
20181229190614,3000,40,220,60,120.7,25,10
20181229190615,3400,44,221,61,129.7,28,11
20181229190616,3800,48,222,62,140.7,32,12
20181229190617,3600,46,223,59,150.7,30,9
20181229190614,3000,40,220,60,120.7,25,10
20181229190615,3400,44,221,61,129.7,28,11
20181229190616,3800,48,222,62,140.7,32,12
20181229190617,3600,46,223,59,150.7,30,9
20181229190614,3000,40,220,60,120.7,25,10
20181229190615,3400,44,221,61,129.7,28,11
20181229190616,3800,48,222,62,140.7,32,12
20181229190617,3600,46,223,59,150.7,30,9
20181229190614,3000,40,220,60,120.7,25,10
20181229190615,3400,44,221,61,129.7,28,11
20181229190616,3800,48,222,62,140.7,32,12
20181229190617,3600,46,223,59,150.7,30,9
20181229190614,3000,40,220,60,120.7,25,10
20181229190615,3400,44,221,61,129.7,28,11
20181229190616,3800,48,222,62,140.7,32,12
20181229190617,3600,46,223,59,150.7,30,9
20181229190614,3000,40,220,60,120.7,25,10
20181229190615,3400,44,221,61,129.7,28,11
20181229190616,3800,48,222,62,140.7,32,12
20181229190617,3600,46,223,59,150.7,30,9
20181229190614,3000,40,220,60,120.7,25,10
20181229190615,3400,44,221,61,129.7,28,11
20181229190616,3800,48,222,62,140.7,32,12
20181229190617,3600,46,223,59,150.7,30,9
20181229190614,3000,40,220,60,120.7,25,10
20181229190615,3400,44,221,61,129.7,28,11
20181229190616,3800,48,222,62,140.7,32,12
20181229190617,3600,46,223,59,150.7,30,9
20181229190614,3000,40,220,60,120.7,25,10
20181229190615,3400,44,221,61,129.7,28,11
20181229190616,3800,48,222,62,140.7,32,12
20181229190617,3600,46,223,59,150.7,30,9
20181229190614,3000,40,220,60,120.7,25,10
20181229190615,3400,44,221,61,129.7,28,11
20181229190616,3800,48,222,62,140.7,32,12
20181229190617,3600,46,223,59,150.7,30,9
20181229190614,3000,40,220,60,120.7,25,10
20181229190615,3400,44,221,61,129.7,28,11
20181229190616,3800,48,222,62,140.7,32,12
20181229190617,3600,46,223,59,150.7,30,9
20181229190614,3000,40,220,60,120.7,25,10
20181229190615,3400,44,221,61,129.7,28,11
20181229190616,3800,48,222,62,140.7,32,12
20181229190617,3600,46,223,59,150.7,30,9
20181229190614,3000,40,220,60,120.7,25,10
20181229190615,3400,44,221,61,129.7,28,11
20181229190616,3800,48,222,62,140.7,32,12
20181229190617,3600,46,223,59,150.7,30,9
20181229190614,3000,40,220,60,120.7,25,10
20181229190615,3400,44,221,61,129.7,28,11
20181229190616,3800,48,222,62,140.7,32,12
20181229190617,3600,46,223,59,150.7,30,9
20181229190614,3000,40,220,60,120.7,25,10
20181229190615,3400,44,221,61,129.7,28,11
20181229190616,3800,48,222,62,140.7,32,12
20181229190617,3600,46,223,59,150.7,30,9
20181229190614,3000,40,220,60,120.7,25,10
20181229190615,3400,44,221,61,129.7,28,11
20181229190616,3800,48,222,62,140.7,32,12
20181229190617,3600,46,223,59,150.7,30,9
20181229190614,3000,40,220,60,120.7,25,10
20181229190615,3400,44,221,61,129.7,28,11
20181229190616,3800,48,222,62,140.7,32,12
20181229190617,3600,46,223,59,150.7,30,9
20181229190614,3000,40,220,60,120.7,25,10
20181229190615,3400,44,221,61,129.7,28,11
20181229190616,3800,48,222,62,140.7,32,12
20181229190617,3600,46,223,59,150.7,30,9
20181229190614,3000,40,220,60,120.7,25,10
20181229190615,3400,44,221,61,129.7,28,11
20181229190616,3800,48,222,62,140.7,32,12
20181229190617,3600,46,223,59,150.7,30,9
20181229190614,3000,40,220,60,120.7,25,10
20181229190615,3400,44,221,61,129.7,28,11
20181229190616,3800,48,222,62,140.7,32,12
20181229190617,3600,46,223,59,150.7,30,9
20181229190614,3000,40,220,60,120.7,25,10
20181229190615,3400,44,221,61,129.7,28,11
20181229190616,3800,48,222,62,140.7,32,12
20181229190617,3600,46,223,59,150.7,30,9
20181229190614,3000,40,220,60,120.7,25,10
20181229190615,3400,44,221,61,129.7,28,11
20181229190616,3800,48,222,62,140.7,32,12
20181229190617,3600,46,223,59,150.7,30,9
20181229190614,3000,40,220,60,120.7,25,10
20181229190615,3400,44,221,61,129.7,28,11
20181229190616,3800,48,222,62,140.7,32,12
20181229190617,3600,46,223,59,150.7,30,9
20181229190614,3000,40,220,60,120.7,25,10
20181229190615,3400,44,221,61,129.7,28,11
20181229190616,3800,48,222,62,140.7,32,12
20181229190617,3600,46,223,59,150.7,30,9
20181229190614,3000,40,220,60,120.7,25,10
20181229190615,3400,44,221,61,129.7,28,11
20181229190616,3800,48,222,62,140.7,32,12
20181229190617,3600,46,223,59,150.7,30,9
20181229190614,3000,40,220,60,120.7,25,10
20181229190615,3400,44,221,61,129.7,28,11
20181229190616,3800,48,222,62,140.7,32,12
20181229190617,3600,46,223,59,150.7,30,9
20181229190614,3000,40,220,60,120.7,25,10
20181229190615,3400,44,221,61,129.7,28,11
20181229190616,3800,48,222,62,140.7,32,12
20181229190617,3600,46,223,59,150.7,30,9
20181229190614,3000,40,220,60,120.7,25,10
20181229190615,3400,44,221,61,129.7,28,11
20181229190616,3800,48,222,62,140.7,32,12
20181229190617,3600,46,223,59,150.7,30,9
20181229190614,3000,40,220,60,120.7,25,10
20181229190615,3400,44,221,61,129.7,28,11
20181229190616,3800,48,222,62,140.7,32,12
20181229190617,3600,46,223,59,150.7,30,9
20181229190614,3000,40,220,60,120.7,25,10
20181229190615,3400,44,221,61,129.7,28,11
20181229190616,3800,48,222,62,140.7,32,12
20181229190617,3600,46,223,59,150.7,30,9
20181229190614,3000,40,220,60,120.7,25,10
20181229190615,3400,44,221,61,129.7,28,11
20181229190616,3800,48,222,62,140.7,32,12
20181229190617,3600,46,223,59,150.7,30,9
20181229190614,3000,40,220,60,120.7,25,10
20181229190615,3400,44,221,61,129.7,28,11
20181229190616,3800,48,222,62,140.7,32,12
20181229190617,3600,46,223,59,150.7,30,9
20181229190614,3000,40,220,60,120.7,25,10
20181229190615,3400,44,221,61,129.7,28,11
20181229190616,3800,48,222,62,140.7,32,12
20181229190617,3600,46,223,59,150.7,30,9
20181229190614,3000,40,220,60,120.7,25,10
20181229190615,3400,44,221,61,129.7,28,11
20181229190616,3800,48,222,62,140.7,32,12
20181229190617,3600,46,223,59,150.7,30,9
20181229190614,3000,40,220,60,120.7,25,10
20181229190615,3400,44,221,61,129.7,28,11
20181229190616,3800,48,222,62,140.7,32,12
20181229190617,3600,46,223,59,150.7,30,9
20181229190614,3000,40,220,60,120.7,25,10
20181229190615,3400,44,221,61,129.7,28,11
20181229190616,3800,48,222,62,140.7,32,12
20181229190617,3600,46,223,59,150.7,30,9
20181229190614,3000,40,220,60,120.7,25,10
20181229190615,3400,44,221,61,129.7,28,11
20181229190616,3800,48,222,62,140.7,32,12
20181229190617,3600,46,223,59,150.7,30,9
20181229190614,3000,40,220,60,120.7,25,10
20181229190615,3400,44,221,61,129.7,28,11
20181229190616,3800,48,222,62,140.7,32,12
20181229190617,3600,46,223,59,150.7,30,9
20181229190614,3000,40,220,60,120.7,25,10
20181229190615,3400,44,221,61,129.7,28,11
20181229190616,3800,48,222,62,140.7,32,12
20181229190617,3600,46,223,59,150.7,30,9
20181229190614,3000,40,220,60,120.7,25,10
20181229190615,3400,44,221,61,129.7,28,11
20181229190616,3800,48,222,62,140.7,32,12
20181229190617,3600,46,223,59,150.7,30,9
20181229190614,3000,40,220,60,120.7,25,10
20181229190615,3400,44,221,61,129.7,28,11
20181229190616,3800,48,222,62,140.7,32,12
20181229190617,3600,46,223,59,150.7,30,9
20181229190614,3000,40,220,60,120.7,25,10
20181229190615,3400,44,221,61,129.7,28,11
20181229190616,3800,48,222,62,140.7,32,12
20181229190617,3600,46,223,59,150.7,30,9
20181229190614,3000,40,220,60,120.7,25,10
20181229190615,3400,44,221,61,129.7,28,11
20181229190616,3800,48,222,62,140.7,32,12
20181229190617,3600,46,223,59,150.7,30,9
20181229190614,3000,40,220,60,120.7,25,10
20181229190615,3400,44,221,61,129.7,28,11
20181229190616,3800,48,222,62,140.7,32,12
20181229190617,3600,46,223,59,150.7,30,9
20181229190614,3000,40,220,60,120.7,25,10
20181229190615,3400,44,221,61,129.7,28,11
20181229190616,3800,48,222,62,140.7,32,12
20181229190617,3600,46,223,59,150.7,30,9
20181229190614,3000,40,220,60,120.7,25,10
20181229190615,3400,44,221,61,129.7,28,11
20181229190616,3800,48,222,62,140.7,32,12
20181229190617,3600,46,223,59,150.7,30,9
20181229190614,3000,40,220,60,120.7,25,10
20181229190615,3400,44,221,61,129.7,28,11
20181229190616,3800,48,222,62,140.7,32,12
20181229190617,3600,46,223,59,150.7,30,9
20181229190614,3000,40,220,60,120.7,25,10
20181229190615,3400,44,221,61,129.7,28,11
20181229190616,3800,48,222,62,140.7,32,12
20181229190617,3600,46,223,59,150.7,30,9
20181229190614,3000,40,220,60,120.7,25,10
20181229190615,3400,44,221,61,129.7,28,11
20181229190616,3800,48,222,62,140.7,32,12
20181229190617,3600,46,223,59,150.7,30,9
20181229190614,3000,40,220,60,120.7,25,10
20181229190615,3400,44,221,61,129.7,28,11
20181229190616,3800,48,222,62,140.7,32,12
20181229190617,3600,46,223,59,150.7,30,9
20181229190614,3000,40,220,60,120.7,25,10
20181229190615,3400,44,221,61,129.7,28,11
20181229190616,3800,48,222,62,140.7,32,12
20181229190617,3600,46,223,59,150.7,30,9
20181229190614,3000,40,220,60,120.7,25,10
20181229190615,3400,44,221,61,129.7,28,11
20181229190616,3800,48,222,62,140.7,32,12
20181229190617,3600,46,223,59,150.7,30,9
20181229190614,3000,40,220,60,120.7,25,10
20181229190615,3400,44,221,61,129.7,28,11
20181229190616,3800,48,222,62,140.7,32,12
20181229190617,3600,46,223,59,150.7,30,9
20181229190614,3000,40,220,60,120.7,25,10
20181229190615,3400,44,221,61,129.7,28,11
20181229190616,3800,48,222,62,140.7,32,12
20181229190617,3600,46,223,59,150.7,30,9
20181229190614,3000,40,220,60,120.7,25,10
20181229190615,3400,44,221,61,129.7,28,11
20181229190616,3800,48,222,62,140.7,32,12
20181229190617,3600,46,223,59,150.7,30,9
20181229190614,3000,40,220,60,120.7,25,10
20181229190615,3400,44,221,61,129.7,28,11
20181229190616,3800,48,222,62,140.7,32,12
20181229190617,3600,46,223,59,150.7,30,9
20181229190614,3000,40,220,60,120.7,25,10
20181229190615,3400,44,221,61,129.7,28,11
20181229190616,3800,48,222,62,140.7,32,12
20181229190617,3600,46,223,59,150.7,30,9
20181229190614,3000,40,220,60,120.7,25,10
20181229190615,3400,44,221,61,129.7,28,11
20181229190616,3800,48,222,62,140.7,32,12
20181229190617,3600,46,223,59,150.7,30,9
20181229190614,3000,40,220,60,120.7,25,10
20181229190615,3400,44,221,61,129.7,28,11
20181229190616,3800,48,222,62,140.7,32,12
20181229190617,3600,46,223,59,150.7,30,9
20181229190614,3000,40,220,60,120.7,25,10
20181229190615,3400,44,221,61,129.7,28,11
20181229190616,3800,48,222,62,140.7,32,12
20181229190617,3600,46,223,59,150.7,30,9
20181229190614,3000,40,220,60,120.7,25,10
20181229190615,3400,44,221,61,129.7,28,11
20181229190616,3800,48,222,62,140.7,32,12
20181229190617,3600,46,223,59,150.7,30,9
20181229190614,3000,40,220,60,120.7,25,10
20181229190615,3400,44,221,61,129.7,28,11
20181229190616,3800,48,222,62,140.7,32,12
20181229190617,3600,46,223,59,150.7,30,9
20181229190614,3000,40,220,60,120.7,25,10
20181229190615,3400,44,221,61,129.7,28,11
20181229190616,3800,48,222,62,140.7,32,12
20181229190617,3600,46,223,59,150.7,30,9
20181229190614,3000,40,220,60,120.7,25,10
20181229190615,3400,44,221,61,129.7,28,11
20181229190616,3800,48,222,62,140.7,32,12
20181229190617,3600,46,223,59,150.7,30,9
20181229190614,3000,40,220,60,120.7,25,10
20181229190615,3400,44,221,61,129.7,28,11
20181229190616,3800,48,222,62,140.7,32,12
20181229190617,3600,46,223,59,150.7,30,9
20181229190614,3000,40,220,60,120.7,25,10
20181229190615,3400,44,221,61,129.7,28,11
20181229190616,3800,48,222,62,140.7,32,12
20181229190617,3600,46,223,59,150.7,30,9
20181229190614,3000,40,220,60,120.7,25,10
20181229190615,3400,44,221,61,129.7,28,11
20181229190616,3800,48,222,62,140.7,32,12
20181229190617,3600,46,223,59,150.7,30,9
20181229190614,3000,40,220,60,120.7,25,10
20181229190615,3400,44,221,61,129.7,28,11
20181229190616,3800,48,222,62,140.7,32,12
20181229190617,3600,46,223,59,150.7,30,9
20181229190614,3000,40,220,60,120.7,25,10
20181229190615,3400,44,221,61,129.7,28,11
20181229190616,3800,48,222,62,140.7,32,12
20181229190617,3600,46,223,59,150.7,30,9
20181229190614,3000,40,220,60,120.7,25,10
20181229190615,3400,44,221,61,129.7,28,11
20181229190616,3800,48,222,62,140.7,32,12
20181229190617,3600,46,223,59,150.7,30,9
20181229190614,3000,40,220,60,120.7,25,10
20181229190615,3400,44,221,61,129.7,28,11
20181229190616,3800,48,222,62,140.7,32,12
20181229190617,3600,46,223,59,150.7,30,9
20181229190614,3000,40,220,60,120.7,25,10
20181229190615,3400,44,221,61,129.7,28,11
20181229190616,3800,48,222,62,140.7,32,12
20181229190617,3600,46,223,59,150.7,30,9
20181229190614,3000,40,220,60,120.7,25,10
20181229190615,3400,44,221,61,129.7,28,11
20181229190616,3800,48,222,62,140.7,32,12
20181229190617,3600,46,223,59,150.7,30,9
20181229190614,3000,40,220,60,120.7,25,10
20181229190615,3400,44,221,61,129.7,28,11
20181229190616,3800,48,222,62,140.7,32,12
20181229190617,3600,46,223,59,150.7,30,9
20181229190614,3000,40,220,60,120.7,25,10
20181229190615,3400,44,221,61,129.7,28,11
20181229190616,3800,48,222,62,140.7,32,12
20181229190617,3600,46,223,59,150.7,30,9
20181229190614,3000,40,220,60,120.7,25,10
20181229190615,3400,44,221,61,129.7,28,11
20181229190616,3800,48,222,62,140.7,32,12
20181229190617,3600,46,223,59,150.7,30,9
20181229190614,3000,40,220,60,120.7,25,10
20181229190615,3400,44,221,61,129.7,28,11
20181229190616,3800,48,222,62,140.7,32,12
20181229190617,3600,46,223,59,150.7,30,9
20181229190614,3000,40,220,60,120.7,25,10
20181229190615,3400,44,221,61,129.7,28,11
20181229190616,3800,48,222,62,140.7,32,12
20181229190617,3600,46,223,59,150.7,30,9
20181229190614,3000,40,220,60,120.7,25,10
20181229190615,3400,44,221,61,129.7,28,11
20181229190616,3800,48,222,62,140.7,32,12
20181229190617,3600,46,223,59,150.7,30,9
20181229190614,3000,40,220,60,120.7,25,10
20181229190615,3400,44,221,61,129.7,28,11
20181229190616,3800,48,222,62,140.7,32,12
20181229190617,3600,46,223,59,150.7,30,9
20181229190614,3000,40,220,60,120.7,25,10
20181229190615,3400,44,221,61,129.7,28,11
20181229190616,3800,48,222,62,140.7,32,12
20181229190617,3600,46,223,59,150.7,30,9
20181229190614,3000,40,220,60,120.7,25,10
20181229190615,3400,44,221,61,129.7,28,11
20181229190616,3800,48,222,62,140.7,32,12
20181229190617,3600,46,223,59,150.7,30,9
20181229190614,3000,40,220,60,120.7,25,10
20181229190615,3400,44,221,61,129.7,28,11
20181229190616,3800,48,222,62,140.7,32,12
20181229190617,3600,46,223,59,150.7,30,9
20181229190614,3000,40,220,60,120.7,25,10
20181229190615,3400,44,221,61,129.7,28,11
20181229190616,3800,48,222,62,140.7,32,12
20181229190617,3600,46,223,59,150.7,30,9
20181229190614,3000,40,220,60,120.7,25,10
20181229190615,3400,44,221,61,129.7,28,11
20181229190616,3800,48,222,62,140.7,32,12
20181229190617,3600,46,223,59,150.7,30,9
20181229190614,3000,40,220,60,120.7,25,10
20181229190615,3400,44,221,61,129.7,28,11
20181229190616,3800,48,222,62,140.7,32,12
20181229190617,3600,46,223,59,150.7,30,9
20181229190614,3000,40,220,60,120.7,25,10
20181229190615,3400,44,221,61,129.7,28,11
20181229190616,3800,48,222,62,140.7,32,12
20181229190617,3600,46,223,59,150.7,30,9
20181229190614,3000,40,220,60,120.7,25,10
20181229190615,3400,44,221,61,129.7,28,11
20181229190616,3800,48,222,62,140.7,32,12
20181229190617,3600,46,223,59,150.7,30,9
20181229190614,3000,40,220,60,120.7,25,10
20181229190615,3400,44,221,61,129.7,28,11
20181229190616,3800,48,222,62,140.7,32,12
20181229190617,3600,46,223,59,150.7,30,9
20181229190614,3000,40,220,60,120.7,25,10
20181229190615,3400,44,221,61,129.7,28,11
20181229190616,3800,48,222,62,140.7,32,12
20181229190617,3600,46,223,59,150.7,30,9
20181229190614,3000,40,220,60,120.7,25,10
20181229190615,3400,44,221,61,129.7,28,11
20181229190616,3800,48,222,62,140.7,32,12
20181229190617,3600,46,223,59,150.7,30,9
20181229190614,3000,40,220,60,120.7,25,10
20181229190615,3400,44,221,61,129.7,28,11
20181229190616,3800,48,222,62,140.7,32,12
20181229190617,3600,46,223,59,150.7,30,9
20181229190614,3000,40,220,60,120.7,25,10
20181229190615,3400,44,221,61,129.7,28,11
20181229190616,3800,48,222,62,140.7,32,12
20181229190617,3600,46,223,59,150.7,30,9
20181229190614,3000,40,220,60,120.7,25,10
20181229190615,3400,44,221,61,129.7,28,11
20181229190616,3800,48,222,62,140.7,32,12
20181229190617,3600,46,223,59,150.7,30,9
20181229190614,3000,40,220,60,120.7,25,10
20181229190615,3400,44,221,61,129.7,28,11
20181229190616,3800,48,222,62,140.7,32,12
20181229190617,3600,46,223,59,150.7,30,9
20181229190614,3000,40,220,60,120.7,25,10
20181229190615,3400,44,221,61,129.7,28,11
20181229190616,3800,48,222,62,140.7,32,12
20181229190617,3600,46,223,59,150.7,30,9
20181229190614,3000,40,220,60,120.7,25,10
20181229190615,3400,44,221,61,129.7,28,11
20181229190616,3800,48,222,62,140.7,32,12
20181229190617,3600,46,223,59,150.7,30,9
20181229190614,3000,40,220,60,120.7,25,10
20181229190615,3400,44,221,61,129.7,28,11
20181229190616,3800,48,222,62,140.7,32,12
20181229190617,3600,46,223,59,150.7,30,9
20181229190614,3000,40,220,60,120.7,25,10
20181229190615,3400,44,221,61,129.7,28,11
20181229190616,3800,48,222,62,140.7,32,12
20181229190617,3600,46,223,59,150.7,30,9
20181229190614,3000,40,220,60,120.7,25,10
20181229190615,3400,44,221,61,129.7,28,11
20181229190616,3800,48,222,62,140.7,32,12
20181229190617,3600,46,223,59,150.7,30,9
20181229190614,3000,40,220,60,120.7,25,10
20181229190615,3400,44,221,61,129.7,28,11
20181229190616,3800,48,222,62,140.7,32,12
20181229190617,3600,46,223,59,150.7,30,9
20181229190614,3000,40,220,60,120.7,25,10
20181229190615,3400,44,221,61,129.7,28,11
20181229190616,3800,48,222,62,140.7,32,12
20181229190617,3600,46,223,59,150.7,30,9
20181229190614,3000,40,220,60,120.7,25,10
20181229190615,3400,44,221,61,129.7,28,11
20181229190616,3800,48,222,62,140.7,32,12
20181229190617,3600,46,223,59,150.7,30,9
20181229190614,3000,40,220,60,120.7,25,10
20181229190615,3400,44,221,61,129.7,28,11
20181229190616,3800,48,222,62,140.7,32,12
20181229190617,3600,46,223,59,150.7,30,9
20181229190614,3000,40,220,60,120.7,25,10
20181229190615,3400,44,221,61,129.7,28,11
20181229190616,3800,48,222,62,140.7,32,12
20181229190617,3600,46,223,59,150.7,30,9
20181229190614,3000,40,220,60,120.7,25,10
20181229190615,3400,44,221,61,129.7,28,11
20181229190616,3800,48,222,62,140.7,32,12
20181229190617,3600,46,223,59,150.7,30,9
20181229190614,3000,40,220,60,120.7,25,10
20181229190615,3400,44,221,61,129.7,28,11
20181229190616,3800,48,222,62,140.7,32,12
20181229190617,3600,46,223,59,150.7,30,9
20181229190614,3000,40,220,60,120.7,25,10
20181229190615,3400,44,221,61,129.7,28,11
20181229190616,3800,48,222,62,140.7,32,12
20181229190617,3600,46,223,59,150.7,30,9
20181229190614,3000,40,220,60,120.7,25,10
20181229190615,3400,44,221,61,129.7,28,11
20181229190616,3800,48,222,62,140.7,32,12
20181229190617,3600,46,223,59,150.7,30,9
20181229190614,3000,40,220,60,120.7,25,10
20181229190615,3400,44,221,61,129.7,28,11
20181229190616,3800,48,222,62,140.7,32,12
20181229190617,3600,46,223,59,150.7,30,9
20181229190614,3000,40,220,60,120.7,25,10
20181229190615,3400,44,221,61,129.7,28,11
20181229190616,3800,48,222,62,140.7,32,12
20181229190617,3600,46,223,59,150.7,30,9
20181229190614,3000,40,220,60,120.7,25,10
20181229190615,3400,44,221,61,129.7,28,11
20181229190616,3800,48,222,62,140.7,32,12
20181229190617,3600,46,223,59,150.7,30,9
20181229190614,3000,40,220,60,120.7,25,10
20181229190615,3400,44,221,61,129.7,28,11
20181229190616,3800,48,222,62,140.7,32,12
20181229190617,3600,46,223,59,150.7,30,9
20181229190614,3000,40,220,60,120.7,25,10
20181229190615,3400,44,221,61,129.7,28,11
20181229190616,3800,48,222,62,140.7,32,12
20181229190617,3600,46,223,59,150.7,30,9
20181229190614,3000,40,220,60,120.7,25,10
20181229190615,3400,44,221,61,129.7,28,11
20181229190616,3800,48,222,62,140.7,32,12
20181229190617,3600,46,223,59,150.7,30,9
20181229190614,3000,40,220,60,120.7,25,10
20181229190615,3400,44,221,61,129.7,28,11
20181229190616,3800,48,222,62,140.7,32,12
20181229190617,3600,46,223,59,150.7,30,9
20181229190614,3000,40,220,60,120.7,25,10
20181229190615,3400,44,221,61,129.7,28,11
20181229190616,3800,48,222,62,140.7,32,12
20181229190617,3600,46,223,59,150.7,30,9
20181229190614,3000,40,220,60,120.7,25,10
20181229190615,3400,44,221,61,129.7,28,11
20181229190616,3800,48,222,62,140.7,32,12
20181229190617,3600,46,223,59,150.7,30,9
20181229190614,3000,40,220,60,120.7,25,10
20181229190615,3400,44,221,61,129.7,28,11
20181229190616,3800,48,222,62,140.7,32,12
20181229190617,3600,46,223,59,150.7,30,9
20181229190614,3000,40,220,60,120.7,25,10
20181229190615,3400,44,221,61,129.7,28,11
20181229190616,3800,48,222,62,140.7,32,12
20181229190617,3600,46,223,59,150.7,30,9
20181229190614,3000,40,220,60,120.7,25,10
20181229190615,3400,44,221,61,129.7,28,11
20181229190616,3800,48,222,62,140.7,32,12
20181229190617,3600,46,223,59,150.7,30,9
20181229190614,3000,40,220,60,120.7,25,10
20181229190615,3400,44,221,61,129.7,28,11
20181229190616,3800,48,222,62,140.7,32,12
20181229190617,3600,46,223,59,150.7,30,9
20181229190614,3000,40,220,60,120.7,25,10
20181229190615,3400,44,221,61,129.7,28,11
20181229190616,3800,48,222,62,140.7,32,12
20181229190617,3600,46,223,59,150.7,30,9
20181229190614,3000,40,220,60,120.7,25,10
20181229190615,3400,44,221,61,129.7,28,11
20181229190616,3800,48,222,62,140.7,32,12
20181229190617,3600,46,223,59,150.7,30,9
20181229190614,3000,40,220,60,120.7,25,10
20181229190615,3400,44,221,61,129.7,28,11
20181229190616,3800,48,222,62,140.7,32,12
20181229190617,3600,46,223,59,150.7,30,9
20181229190614,3000,40,220,60,120.7,25,10
20181229190615,3400,44,221,61,129.7,28,11
20181229190616,3800,48,222,62,140.7,32,12
20181229190617,3600,46,223,59,150.7,30,9
20181229190614,3000,40,220,60,120.7,25,10
20181229190615,3400,44,221,61,129.7,28,11
20181229190616,3800,48,222,62,140.7,32,12
20181229190617,3600,46,223,59,150.7,30,9
20181229190614,3000,40,220,60,120.7,25,10
20181229190615,3400,44,221,61,129.7,28,11
20181229190616,3800,48,222,62,140.7,32,12
20181229190617,3600,46,223,59,150.7,30,9
20181229190614,3000,40,220,60,120.7,25,10
20181229190615,3400,44,221,61,129.7,28,11
20181229190616,3800,48,222,62,140.7,32,12
20181229190617,3600,46,223,59,150.7,30,9
20181229190614,3000,40,220,60,120.7,25,10
20181229190615,3400,44,221,61,129.7,28,11
20181229190616,3800,48,222,62,140.7,32,12
20181229190617,3600,46,223,59,150.7,30,9
20181229190614,3000,40,220,60,120.7,25,10
20181229190615,3400,44,221,61,129.7,28,11
20181229190616,3800,48,222,62,140.7,32,12
20181229190617,3600,46,223,59,150.7,30,9
20181229190614,3000,40,220,60,120.7,25,10
20181229190615,3400,44,221,61,129.7,28,11
20181229190616,3800,48,222,62,140.7,32,12
20181229190617,3600,46,223,59,150.7,30,9
20181229190614,3000,40,220,60,120.7,25,10
20181229190615,3400,44,221,61,129.7,28,11
20181229190616,3800,48,222,62,140.7,32,12
20181229190617,3600,46,223,59,150.7,30,9
20181229190614,3000,40,220,60,120.7,25,10
20181229190615,3400,44,221,61,129.7,28,11
20181229190616,3800,48,222,62,140.7,32,12
20181229190617,3600,46,223,59,150.7,30,9
20181229190614,3000,40,220,60,120.7,25,10
20181229190615,3400,44,221,61,129.7,28,11
20181229190616,3800,48,222,62,140.7,32,12
20181229190617,3600,46,223,59,150.7,30,9
20181229190614,3000,40,220,60,120.7,25,10
20181229190615,3400,44,221,61,129.7,28,11
20181229190616,3800,48,222,62,140.7,32,12
20181229190617,3600,46,223,59,150.7,30,9
20181229190614,3000,40,220,60,120.7,25,10
20181229190615,3400,44,221,61,129.7,28,11
20181229190616,3800,48,222,62,140.7,32,12
20181229190617,3600,46,223,59,150.7,30,9
20181229190614,3000,40,220,60,120.7,25,10
20181229190615,3400,44,221,61,129.7,28,11
20181229190616,3800,48,222,62,140.7,32,12
20181229190617,3600,46,223,59,150.7,30,9
20181229190614,3000,40,220,60,120.7,25,10
20181229190615,3400,44,221,61,129.7,28,11
20181229190616,3800,48,222,62,140.7,32,12
20181229190617,3600,46,223,59,150.7,30,9
20181229190614,3000,40,220,60,120.7,25,10
20181229190615,3400,44,221,61,129.7,28,11
20181229190616,3800,48,222,62,140.7,32,12
20181229190617,3600,46,223,59,150.7,30,9
20181229190614,3000,40,220,60,120.7,25,10
20181229190615,3400,44,221,61,129.7,28,11
20181229190616,3800,48,222,62,140.7,32,12
20181229190617,3600,46,223,59,150.7,30,9
20181229190614,3000,40,220,60,120.7,25,10
20181229190615,3400,44,221,61,129.7,28,11
20181229190616,3800,48,222,62,140.7,32,12
20181229190617,3600,46,223,59,150.7,30,9
20181229190614,3000,40,220,60,120.7,25,10
20181229190615,3400,44,221,61,129.7,28,11
20181229190616,3800,48,222,62,140.7,32,12
20181229190617,3600,46,223,59,150.7,30,9
20181229190614,3000,40,220,60,120.7,25,10
20181229190615,3400,44,221,61,129.7,28,11
20181229190616,3800,48,222,62,140.7,32,12
20181229190617,3600,46,223,59,150.7,30,9
20181229190614,3000,40,220,60,120.7,25,10
20181229190615,3400,44,221,61,129.7,28,11
20181229190616,3800,48,222,62,140.7,32,12
20181229190617,3600,46,223,59,150.7,30,9
20181229190614,3000,40,220,60,120.7,25,10
20181229190615,3400,44,221,61,129.7,28,11
20181229190616,3800,48,222,62,140.7,32,12
20181229190617,3600,46,223,59,150.7,30,9
20181229190614,3000,40,220,60,120.7,25,10
20181229190615,3400,44,221,61,129.7,28,11
20181229190616,3800,48,222,62,140.7,32,12
20181229190617,3600,46,223,59,150.7,30,9
20181229190614,3000,40,220,60,120.7,25,10
20181229190615,3400,44,221,61,129.7,28,11
20181229190616,3800,48,222,62,140.7,32,12
20181229190617,3600,46,223,59,150.7,30,9
20181229190614,3000,40,220,60,120.7,25,10
20181229190615,3400,44,221,61,129.7,28,11
20181229190616,3800,48,222,62,140.7,32,12
20181229190617,3600,46,223,59,150.7,30,9
20181229190614,3000,40,220,60,120.7,25,10
20181229190615,3400,44,221,61,129.7,28,11
20181229190616,3800,48,222,62,140.7,32,12
20181229190617,3600,46,223,59,150.7,30,9
20181229190614,3000,40,220,60,120.7,25,10
20181229190615,3400,44,221,61,129.7,28,11
20181229190616,3800,48,222,62,140.7,32,12
20181229190617,3600,46,223,59,150.7,30,9
20181229190614,3000,40,220,60,120.7,25,10
20181229190615,3400,44,221,61,129.7,28,11
20181229190616,3800,48,222,62,140.7,32,12
20181229190617,3600,46,223,59,150.7,30,9
20181229190614,3000,40,220,60,120.7,25,10
20181229190615,3400,44,221,61,129.7,28,11
20181229190616,3800,48,222,62,140.7,32,12
20181229190617,3600,46,223,59,150.7,30,9
20181229190614,3000,40,220,60,120.7,25,10
20181229190615,3400,44,221,61,129.7,28,11
20181229190616,3800,48,222,62,140.7,32,12
20181229190617,3600,46,223,59,150.7,30,9
20181229190614,3000,40,220,60,120.7,25,10
20181229190615,3400,44,221,61,129.7,28,11
20181229190616,3800,48,222,62,140.7,32,12
20181229190617,3600,46,223,59,150.7,30,9
20181229190614,3000,40,220,60,120.7,25,10
20181229190615,3400,44,221,61,129.7,28,11
20181229190616,3800,48,222,62,140.7,32,12
20181229190617,3600,46,223,59,150.7,30,9
20181229190614,3000,40,220,60,120.7,25,10
20181229190615,3400,44,221,61,129.7,28,11
20181229190616,3800,48,222,62,140.7,32,12
20181229190617,3600,46,223,59,150.7,30,9
20181229190614,3000,40,220,60,120.7,25,10
20181229190615,3400,44,221,61,129.7,28,11
20181229190616,3800,48,222,62,140.7,32,12
20181229190617,3600,46,223,59,150.7,30,9
20181229190614,3000,40,220,60,120.7,25,10
20181229190615,3400,44,221,61,129.7,28,11
20181229190616,3800,48,222,62,140.7,32,12
20181229190617,3600,46,223,59,150.7,30,9
20181229190614,3000,40,220,60,120.7,25,10
20181229190615,3400,44,221,61,129.7,28,11
20181229190616,3800,48,222,62,140.7,32,12
20181229190617,3600,46,223,59,150.7,30,9
20181229190614,3000,40,220,60,120.7,25,10
20181229190615,3400,44,221,61,129.7,28,11
20181229190616,3800,48,222,62,140.7,32,12
20181229190617,3600,46,223,59,150.7,30,9
20181229190614,3000,40,220,60,120.7,25,10
20181229190615,3400,44,221,61,129.7,28,11
20181229190616,3800,48,222,62,140.7,32,12
20181229190617,3600,46,223,59,150.7,30,9
20181229190614,3000,40,220,60,120.7,25,10
20181229190615,3400,44,221,61,129.7,28,11
20181229190616,3800,48,222,62,140.7,32,12
20181229190617,3600,46,223,59,150.7,30,9
20181229190614,3000,40,220,60,120.7,25,10
20181229190615,3400,44,221,61,129.7,28,11
20181229190616,3800,48,222,62,140.7,32,12
20181229190617,3600,46,223,59,150.7,30,9
20181229190614,3000,40,220,60,120.7,25,10
20181229190615,3400,44,221,61,129.7,28,11
20181229190616,3800,48,222,62,140.7,32,12
20181229190617,3600,46,223,59,150.7,30,9
20181229190614,3000,40,220,60,120.7,25,10
20181229190615,3400,44,221,61,129.7,28,11
20181229190616,3800,48,222,62,140.7,32,12
20181229190617,3600,46,223,59,150.7,30,9
20181229190614,3000,40,220,60,120.7,25,10
20181229190615,3400,44,221,61,129.7,28,11
20181229190616,3800,48,222,62,140.7,32,12
20181229190617,3600,46,223,59,150.7,30,9
20181229190614,3000,40,220,60,120.7,25,10
20181229190615,3400,44,221,61,129.7,28,11
20181229190616,3800,48,222,62,140.7,32,12
20181229190617,3600,46,223,59,150.7,30,9
20181229190614,3000,40,220,60,120.7,25,10
20181229190615,3400,44,221,61,129.7,28,11
20181229190616,3800,48,222,62,140.7,32,12
20181229190617,3600,46,223,59,150.7,30,9
20181229190614,3000,40,220,60,120.7,25,10
20181229190615,3400,44,221,61,129.7,28,11
20181229190616,3800,48,222,62,140.7,32,12
20181229190617,3600,46,223,59,150.7,30,9
20181229190614,3000,40,220,60,120.7,25,10
20181229190615,3400,44,221,61,129.7,28,11
20181229190616,3800,48,222,62,140.7,32,12
20181229190617,3600,46,223,59,150.7,30,9
20181229190614,3000,40,220,60,120.7,25,10
20181229190615,3400,44,221,61,129.7,28,11
20181229190616,3800,48,222,62,140.7,32,12
20181229190617,3600,46,223,59,150.7,30,9
20181229190614,3000,40,220,60,120.7,25,10
20181229190615,3400,44,221,61,129.7,28,11
20181229190616,3800,48,222,62,140.7,32,12
20181229190617,3600,46,223,59,150.7,30,9
20181229190614,3000,40,220,60,120.7,25,10
20181229190615,3400,44,221,61,129.7,28,11
20181229190616,3800,48,222,62,140.7,32,12
20181229190617,3600,46,223,59,150.7,30,9
20181229190614,3000,40,220,60,120.7,25,10
20181229190615,3400,44,221,61,129.7,28,11
20181229190616,3800,48,222,62,140.7,32,12
20181229190617,3600,46,223,59,150.7,30,9
20181229190614,3000,40,220,60,120.7,25,10
20181229190615,3400,44,221,61,129.7,28,11
20181229190616,3800,48,222,62,140.7,32,12
20181229190617,3600,46,223,59,150.7,30,9
20181229190614,3000,40,220,60,120.7,25,10
20181229190615,3400,44,221,61,129.7,28,11
20181229190616,3800,48,222,62,140.7,32,12
20181229190617,3600,46,223,59,150.7,30,9
20181229190614,3000,40,220,60,120.7,25,10
20181229190615,3400,44,221,61,129.7,28,11
20181229190616,3800,48,222,62,140.7,32,12
20181229190617,3600,46,223,59,150.7,30,9
20181229190614,3000,40,220,60,120.7,25,10
20181229190615,3400,44,221,61,129.7,28,11
20181229190616,3800,48,222,62,140.7,32,12
20181229190617,3600,46,223,59,150.7,30,9
20181229190614,3000,40,220,60,120.7,25,10
20181229190615,3400,44,221,61,129.7,28,11
20181229190616,3800,48,222,62,140.7,32,12
20181229190617,3600,46,223,59,150.7,30,9
20181229190614,3000,40,220,60,120.7,25,10
20181229190615,3400,44,221,61,129.7,28,11
20181229190616,3800,48,222,62,140.7,32,12
20181229190617,3600,46,223,59,150.7,30,9
20181229190614,3000,40,220,60,120.7,25,10
20181229190615,3400,44,221,61,129.7,28,11
20181229190616,3800,48,222,62,140.7,32,12
20181229190617,3600,46,223,59,150.7,30,9
20181229190614,3000,40,220,60,120.7,25,10
20181229190615,3400,44,221,61,129.7,28,11
20181229190616,3800,48,222,62,140.7,32,12
20181229190617,3600,46,223,59,150.7,30,9
20181229190614,3000,40,220,60,120.7,25,10
20181229190615,3400,44,221,61,129.7,28,11
20181229190616,3800,48,222,62,140.7,32,12
20181229190617,3600,46,223,59,150.7,30,9
20181229190614,3000,40,220,60,120.7,25,10
20181229190615,3400,44,221,61,129.7,28,11
20181229190616,3800,48,222,62,140.7,32,12
20181229190617,3600,46,223,59,150.7,30,9
20181229190614,3000,40,220,60,120.7,25,10
20181229190615,3400,44,221,61,129.7,28,11
20181229190616,3800,48,222,62,140.7,32,12
20181229190617,3600,46,223,59,150.7,30,9
20181229190614,3000,40,220,60,120.7,25,10
20181229190615,3400,44,221,61,129.7,28,11
20181229190616,3800,48,222,62,140.7,32,12
20181229190617,3600,46,223,59,150.7,30,9
20181229190614,3000,40,220,60,120.7,25,10
20181229190615,3400,44,221,61,129.7,28,11
20181229190616,3800,48,222,62,140.7,32,12
20181229190617,3600,46,223,59,150.7,30,9
20181229190614,3000,40,220,60,120.7,25,10
20181229190615,3400,44,221,61,129.7,28,11
20181229190616,3800,48,222,62,140.7,32,12
20181229190617,3600,46,223,59,150.7,30,9
20181229190614,3000,40,220,60,120.7,25,10
20181229190615,3400,44,221,61,129.7,28,11
20181229190616,3800,48,222,62,140.7,32,12
20181229190617,3600,46,223,59,150.7,30,9
20181229190614,3000,40,220,60,120.7,25,10
20181229190615,3400,44,221,61,129.7,28,11
20181229190616,3800,48,222,62,140.7,32,12
20181229190617,3600,46,223,59,150.7,30,9
20181229190614,3000,40,220,60,120.7,25,10
20181229190615,3400,44,221,61,129.7,28,11
20181229190616,3800,48,222,62,140.7,32,12
20181229190617,3600,46,223,59,150.7,30,9
20181229190614,3000,40,220,60,120.7,25,10
20181229190615,3400,44,221,61,129.7,28,11
20181229190616,3800,48,222,62,140.7,32,12
20181229190617,3600,46,223,59,150.7,30,9
20181229190614,3000,40,220,60,120.7,25,10
20181229190615,3400,44,221,61,129.7,28,11
20181229190616,3800,48,222,62,140.7,32,12
20181229190617,3600,46,223,59,150.7,30,9
20181229190614,3000,40,220,60,120.7,25,10
20181229190615,3400,44,221,61,129.7,28,11
20181229190616,3800,48,222,62,140.7,32,12
20181229190617,3600,46,223,59,150.7,30,9
20181229190614,3000,40,220,60,120.7,25,10
20181229190615,3400,44,221,61,129.7,28,11
20181229190616,3800,48,222,62,140.7,32,12
20181229190617,3600,46,223,59,150.7,30,9
20181229190614,3000,40,220,60,120.7,25,10
20181229190615,3400,44,221,61,129.7,28,11
20181229190616,3800,48,222,62,140.7,32,12
20181229190617,3600,46,223,59,150.7,30,9
20181229190614,3000,40,220,60,120.7,25,10
20181229190615,3400,44,221,61,129.7,28,11
20181229190616,3800,48,222,62,140.7,32,12
20181229190617,3600,46,223,59,150.7,30,9
20181229190614,3000,40,220,60,120.7,25,10
20181229190615,3400,44,221,61,129.7,28,11
20181229190616,3800,48,222,62,140.7,32,12
20181229190617,3600,46,223,59,150.7,30,9
20181229190614,3000,40,220,60,120.7,25,10
20181229190615,3400,44,221,61,129.7,28,11
20181229190616,3800,48,222,62,140.7,32,12
20181229190617,3600,46,223,59,150.7,30,9
20181229190614,3000,40,220,60,120.7,25,10
20181229190615,3400,44,221,61,129.7,28,11
20181229190616,3800,48,222,62,140.7,32,12
20181229190617,3600,46,223,59,150.7,30,9
20181229190614,3000,40,220,60,120.7,25,10
20181229190615,3400,44,221,61,129.7,28,11
20181229190616,3800,48,222,62,140.7,32,12
20181229190617,3600,46,223,59,150.7,30,9
20181229190614,3000,40,220,60,120.7,25,10
20181229190615,3400,44,221,61,129.7,28,11
20181229190616,3800,48,222,62,140.7,32,12
20181229190617,3600,46,223,59,150.7,30,9
20181229190614,3000,40,220,60,120.7,25,10
20181229190615,3400,44,221,61,129.7,28,11
20181229190616,3800,48,222,62,140.7,32,12
20181229190617,3600,46,223,59,150.7,30,9
20181229190614,3000,40,220,60,120.7,25,10
20181229190615,3400,44,221,61,129.7,28,11
20181229190616,3800,48,222,62,140.7,32,12
20181229190617,3600,46,223,59,150.7,30,9
20181229190614,3000,40,220,60,120.7,25,10
20181229190615,3400,44,221,61,129.7,28,11
20181229190616,3800,48,222,62,140.7,32,12
20181229190617,3600,46,223,59,150.7,30,9
20181229190614,3000,40,220,60,120.7,25,10
20181229190615,3400,44,221,61,129.7,28,11
20181229190616,3800,48,222,62,140.7,32,12
20181229190617,3600,46,223,59,150.7,30,9
20181229190614,3000,40,220,60,120.7,25,10
20181229190615,3400,44,221,61,129.7,28,11
20181229190616,3800,48,222,62,140.7,32,12
20181229190617,3600,46,223,59,150.7,30,9
20181229190614,3000,40,220,60,120.7,25,10
20181229190615,3400,44,221,61,129.7,28,11
20181229190616,3800,48,222,62,140.7,32,12
20181229190617,3600,46,223,59,150.7,30,9
20181229190614,3000,40,220,60,120.7,25,10
20181229190615,3400,44,221,61,129.7,28,11
20181229190616,3800,48,222,62,140.7,32,12
20181229190617,3600,46,223,59,150.7,30,9
20181229190614,3000,40,220,60,120.7,25,10
20181229190615,3400,44,221,61,129.7,28,11
20181229190616,3800,48,222,62,140.7,32,12
20181229190617,3600,46,223,59,150.7,30,9
20181229190614,3000,40,220,60,120.7,25,10
20181229190615,3400,44,221,61,129.7,28,11
20181229190616,3800,48,222,62,140.7,32,12
20181229190617,3600,46,223,59,150.7,30,9
20181229190614,3000,40,220,60,120.7,25,10
20181229190615,3400,44,221,61,129.7,28,11
20181229190616,3800,48,222,62,140.7,32,12
20181229190617,3600,46,223,59,150.7,30,9
20181229190614,3000,40,220,60,120.7,25,10
20181229190615,3400,44,221,61,129.7,28,11
20181229190616,3800,48,222,62,140.7,32,12
20181229190617,3600,46,223,59,150.7,30,9
20181229190614,3000,40,220,60,120.7,25,10
20181229190615,3400,44,221,61,129.7,28,11
20181229190616,3800,48,222,62,140.7,32,12
20181229190617,3600,46,223,59,150.7,30,9
20181229190614,3000,40,220,60,120.7,25,10
20181229190615,3400,44,221,61,129.7,28,11
20181229190616,3800,48,222,62,140.7,32,12
20181229190617,3600,46,223,59,150.7,30,9
20181229190614,3000,40,220,60,120.7,25,10
20181229190615,3400,44,221,61,129.7,28,11
20181229190616,3800,48,222,62,140.7,32,12
20181229190617,3600,46,223,59,150.7,30,9
20181229190614,3000,40,220,60,120.7,25,10
20181229190615,3400,44,221,61,129.7,28,11
20181229190616,3800,48,222,62,140.7,32,12
20181229190617,3600,46,223,59,150.7,30,9
20181229190614,3000,40,220,60,120.7,25,10
20181229190615,3400,44,221,61,129.7,28,11
20181229190616,3800,48,222,62,140.7,32,12
20181229190617,3600,46,223,59,150.7,30,9
20181229190614,3000,40,220,60,120.7,25,10
20181229190615,3400,44,221,61,129.7,28,11
20181229190616,3800,48,222,62,140.7,32,12
20181229190617,3600,46,223,59,150.7,30,9
20181229190614,3000,40,220,60,120.7,25,10
20181229190615,3400,44,221,61,129.7,28,11
20181229190616,3800,48,222,62,140.7,32,12
20181229190617,3600,46,223,59,150.7,30,9
20181229190614,3000,40,220,60,120.7,25,10
20181229190615,3400,44,221,61,129.7,28,11
20181229190616,3800,48,222,62,140.7,32,12
20181229190617,3600,46,223,59,150.7,30,9
20181229190614,3000,40,220,60,120.7,25,10
20181229190615,3400,44,221,61,129.7,28,11
20181229190616,3800,48,222,62,140.7,32,12
20181229190617,3600,46,223,59,150.7,30,9
20181229190614,3000,40,220,60,120.7,25,10
20181229190615,3400,44,221,61,129.7,28,11
20181229190616,3800,48,222,62,140.7,32,12
20181229190617,3600,46,223,59,150.7,30,9
20181229190614,3000,40,220,60,120.7,25,10
20181229190615,3400,44,221,61,129.7,28,11
20181229190616,3800,48,222,62,140.7,32,12
20181229190617,3600,46,223,59,150.7,30,9
20181229190614,3000,40,220,60,120.7,25,10
20181229190615,3400,44,221,61,129.7,28,11
20181229190616,3800,48,222,62,140.7,32,12
20181229190617,3600,46,223,59,150.7,30,9
20181229190614,3000,40,220,60,120.7,25,10
20181229190615,3400,44,221,61,129.7,28,11
20181229190616,3800,48,222,62,140.7,32,12
20181229190617,3600,46,223,59,150.7,30,9
20181229190614,3000,40,220,60,120.7,25,10
20181229190615,3400,44,221,61,129.7,28,11
20181229190616,3800,48,222,62,140.7,32,12
20181229190617,3600,46,223,59,150.7,30,9
20181229190614,3000,40,220,60,120.7,25,10
20181229190615,3400,44,221,61,129.7,28,11
20181229190616,3800,48,222,62,140.7,32,12
20181229190617,3600,46,223,59,150.7,30,9
20181229190614,3000,40,220,60,120.7,25,10
20181229190615,3400,44,221,61,129.7,28,11
20181229190616,3800,48,222,62,140.7,32,12
20181229190617,3600,46,223,59,150.7,30,9
20181229190614,3000,40,220,60,120.7,25,10
20181229190615,3400,44,221,61,129.7,28,11
20181229190616,3800,48,222,62,140.7,32,12
20181229190617,3600,46,223,59,150.7,30,9
20181229190614,3000,40,220,60,120.7,25,10
20181229190615,3400,44,221,61,129.7,28,11
20181229190616,3800,48,222,62,140.7,32,12
20181229190617,3600,46,223,59,150.7,30,9
20181229190614,3000,40,220,60,120.7,25,10
20181229190615,3400,44,221,61,129.7,28,11
20181229190616,3800,48,222,62,140.7,32,12
20181229190617,3600,46,223,59,150.7,30,9
20181229190614,3000,40,220,60,120.7,25,10
20181229190615,3400,44,221,61,129.7,28,11
20181229190616,3800,48,222,62,140.7,32,12
20181229190617,3600,46,223,59,150.7,30,9
20181229190614,3000,40,220,60,120.7,25,10
20181229190615,3400,44,221,61,129.7,28,11
20181229190616,3800,48,222,62,140.7,32,12
20181229190617,3600,46,223,59,150.7,30,9
20181229190614,3000,40,220,60,120.7,25,10
20181229190615,3400,44,221,61,129.7,28,11
20181229190616,3800,48,222,62,140.7,32,12
20181229190617,3600,46,223,59,150.7,30,9
20181229190614,3000,40,220,60,120.7,25,10
20181229190615,3400,44,221,61,129.7,28,11
20181229190616,3800,48,222,62,140.7,32,12
20181229190617,3600,46,223,59,150.7,30,9
20181229190614,3000,40,220,60,120.7,25,10
20181229190615,3400,44,221,61,129.7,28,11
20181229190616,3800,48,222,62,140.7,32,12
20181229190617,3600,46,223,59,150.7,30,9
20181229190614,3000,40,220,60,120.7,25,10
20181229190615,3400,44,221,61,129.7,28,11
20181229190616,3800,48,222,62,140.7,32,12
20181229190617,3600,46,223,59,150.7,30,9
20181229190614,3000,40,220,60,120.7,25,10
20181229190615,3400,44,221,61,129.7,28,11
20181229190616,3800,48,222,62,140.7,32,12
20181229190617,3600,46,223,59,150.7,30,9
20181229190614,3000,40,220,60,120.7,25,10
20181229190615,3400,44,221,61,129.7,28,11
20181229190616,3800,48,222,62,140.7,32,12
20181229190617,3600,46,223,59,150.7,30,9
20181229190614,3000,40,220,60,120.7,25,10
20181229190615,3400,44,221,61,129.7,28,11
20181229190616,3800,48,222,62,140.7,32,12
20181229190617,3600,46,223,59,150.7,30,9
20181229190614,3000,40,220,60,120.7,25,10
20181229190615,3400,44,221,61,129.7,28,11
20181229190616,3800,48,222,62,140.7,32,12
20181229190617,3600,46,223,59,150.7,30,9
20181229190614,3000,40,220,60,120.7,25,10
20181229190615,3400,44,221,61,129.7,28,11
20181229190616,3800,48,222,62,140.7,32,12
20181229190617,3600,46,223,59,150.7,30,9
20181229190614,3000,40,220,60,120.7,25,10
20181229190615,3400,44,221,61,129.7,28,11
20181229190616,3800,48,222,62,140.7,32,12
20181229190617,3600,46,223,59,150.7,30,9
20181229190614,3000,40,220,60,120.7,25,10
20181229190615,3400,44,221,61,129.7,28,11
20181229190616,3800,48,222,62,140.7,32,12
20181229190617,3600,46,223,59,150.7,30,9
20181229190614,3000,40,220,60,120.7,25,10
20181229190615,3400,44,221,61,129.7,28,11
20181229190616,3800,48,222,62,140.7,32,12
20181229190617,3600,46,223,59,150.7,30,9
20181229190614,3000,40,220,60,120.7,25,10
20181229190615,3400,44,221,61,129.7,28,11
20181229190616,3800,48,222,62,140.7,32,12
20181229190617,3600,46,223,59,150.7,30,9
20181229190614,3000,40,220,60,120.7,25,10
20181229190615,3400,44,221,61,129.7,28,11
20181229190616,3800,48,222,62,140.7,32,12
20181229190617,3600,46,223,59,150.7,30,9
20181229190614,3000,40,220,60,120.7,25,10
20181229190615,3400,44,221,61,129.7,28,11
20181229190616,3800,48,222,62,140.7,32,12
20181229190617,3600,46,223,59,150.7,30,9
20181229190614,3000,40,220,60,120.7,25,10
20181229190615,3400,44,221,61,129.7,28,11
20181229190616,3800,48,222,62,140.7,32,12
20181229190617,3600,46,223,59,150.7,30,9
20181229190614,3000,40,220,60,120.7,25,10
20181229190615,3400,44,221,61,129.7,28,11
20181229190616,3800,48,222,62,140.7,32,12
20181229190617,3600,46,223,59,150.7,30,9
20181229190614,3000,40,220,60,120.7,25,10
20181229190615,3400,44,221,61,129.7,28,11
20181229190616,3800,48,222,62,140.7,32,12
20181229190617,3600,46,223,59,150.7,30,9
20181229190614,3000,40,220,60,120.7,25,10
20181229190615,3400,44,221,61,129.7,28,11
20181229190616,3800,48,222,62,140.7,32,12
20181229190617,3600,46,223,59,150.7,30,9
20181229190614,3000,40,220,60,120.7,25,10
20181229190615,3400,44,221,61,129.7,28,11
20181229190616,3800,48,222,62,140.7,32,12
20181229190617,3600,46,223,59,150.7,30,9
20181229190614,3000,40,220,60,120.7,25,10
20181229190615,3400,44,221,61,129.7,28,11
20181229190616,3800,48,222,62,140.7,32,12
20181229190617,3600,46,223,59,150.7,30,9
20181229190614,3000,40,220,60,120.7,25,10
20181229190615,3400,44,221,61,129.7,28,11
20181229190616,3800,48,222,62,140.7,32,12
20181229190617,3600,46,223,59,150.7,30,9
20181229190614,3000,40,220,60,120.7,25,10
20181229190615,3400,44,221,61,129.7,28,11
20181229190616,3800,48,222,62,140.7,32,12
20181229190617,3600,46,223,59,150.7,30,9
20181229190614,3000,40,220,60,120.7,25,10
20181229190615,3400,44,221,61,129.7,28,11
20181229190616,3800,48,222,62,140.7,32,12
20181229190617,3600,46,223,59,150.7,30,9
20181229190614,3000,40,220,60,120.7,25,10
20181229190615,3400,44,221,61,129.7,28,11
20181229190616,3800,48,222,62,140.7,32,12
20181229190617,3600,46,223,59,150.7,30,9
20181229190614,3000,40,220,60,120.7,25,10
20181229190615,3400,44,221,61,129.7,28,11
20181229190616,3800,48,222,62,140.7,32,12
20181229190617,3600,46,223,59,150.7,30,9
20181229190614,3000,40,220,60,120.7,25,10
20181229190615,3400,44,221,61,129.7,28,11
20181229190616,3800,48,222,62,140.7,32,12
20181229190617,3600,46,223,59,150.7,30,9
20181229190614,3000,40,220,60,120.7,25,10
20181229190615,3400,44,221,61,129.7,28,11
20181229190616,3800,48,222,62,140.7,32,12
20181229190617,3600,46,223,59,150.7,30,9
20181229190614,3000,40,220,60,120.7,25,10
20181229190615,3400,44,221,61,129.7,28,11
20181229190616,3800,48,222,62,140.7,32,12
20181229190617,3600,46,223,59,150.7,30,9
20181229190614,3000,40,220,60,120.7,25,10
20181229190615,3400,44,221,61,129.7,28,11
20181229190616,3800,48,222,62,140.7,32,12
20181229190617,3600,46,223,59,150.7,30,9
20181229190614,3000,40,220,60,120.7,25,10
20181229190615,3400,44,221,61,129.7,28,11
20181229190616,3800,48,222,62,140.7,32,12
20181229190617,3600,46,223,59,150.7,30,9
20181229190614,3000,40,220,60,120.7,25,10
20181229190615,3400,44,221,61,129.7,28,11
20181229190616,3800,48,222,62,140.7,32,12
20181229190617,3600,46,223,59,150.7,30,9
20181229190614,3000,40,220,60,120.7,25,10
20181229190615,3400,44,221,61,129.7,28,11
20181229190616,3800,48,222,62,140.7,32,12
20181229190617,3600,46,223,59,150.7,30,9
20181229190614,3000,40,220,60,120.7,25,10
20181229190615,3400,44,221,61,129.7,28,11
20181229190616,3800,48,222,62,140.7,32,12
20181229190617,3600,46,223,59,150.7,30,9
20181229190614,3000,40,220,60,120.7,25,10
20181229190615,3400,44,221,61,129.7,28,11
20181229190616,3800,48,222,62,140.7,32,12
20181229190617,3600,46,223,59,150.7,30,9
20181229190614,3000,40,220,60,120.7,25,10
20181229190615,3400,44,221,61,129.7,28,11
20181229190616,3800,48,222,62,140.7,32,12
20181229190617,3600,46,223,59,150.7,30,9
20181229190614,3000,40,220,60,120.7,25,10
20181229190615,3400,44,221,61,129.7,28,11
20181229190616,3800,48,222,62,140.7,32,12
20181229190617,3600,46,223,59,150.7,30,9
20181229190614,3000,40,220,60,120.7,25,10
20181229190615,3400,44,221,61,129.7,28,11
20181229190616,3800,48,222,62,140.7,32,12
20181229190617,3600,46,223,59,150.7,30,9
20181229190614,3000,40,220,60,120.7,25,10
20181229190615,3400,44,221,61,129.7,28,11
20181229190616,3800,48,222,62,140.7,32,12
20181229190617,3600,46,223,59,150.7,30,9
20181229190614,3000,40,220,60,120.7,25,10
20181229190615,3400,44,221,61,129.7,28,11
20181229190616,3800,48,222,62,140.7,32,12
20181229190617,3600,46,223,59,150.7,30,9
20181229190614,3000,40,220,60,120.7,25,10
20181229190615,3400,44,221,61,129.7,28,11
20181229190616,3800,48,222,62,140.7,32,12
20181229190617,3600,46,223,59,150.7,30,9
20181229190614,3000,40,220,60,120.7,25,10
20181229190615,3400,44,221,61,129.7,28,11
20181229190616,3800,48,222,62,140.7,32,12
20181229190617,3600,46,223,59,150.7,30,9
20181229190614,3000,40,220,60,120.7,25,10
20181229190615,3400,44,221,61,129.7,28,11
20181229190616,3800,48,222,62,140.7,32,12
20181229190617,3600,46,223,59,150.7,30,9
20181229190614,3000,40,220,60,120.7,25,10
20181229190615,3400,44,221,61,129.7,28,11
20181229190616,3800,48,222,62,140.7,32,12
20181229190617,3600,46,223,59,150.7,30,9
20181229190614,3000,40,220,60,120.7,25,10
20181229190615,3400,44,221,61,129.7,28,11
20181229190616,3800,48,222,62,140.7,32,12
20181229190617,3600,46,223,59,150.7,30,9
20181229190614,3000,40,220,60,120.7,25,10
20181229190615,3400,44,221,61,129.7,28,11
20181229190616,3800,48,222,62,140.7,32,12
20181229190617,3600,46,223,59,150.7,30,9
20181229190614,3000,40,220,60,120.7,25,10
20181229190615,3400,44,221,61,129.7,28,11
20181229190616,3800,48,222,62,140.7,32,12
20181229190617,3600,46,223,59,150.7,30,9
20181229190614,3000,40,220,60,120.7,25,10
20181229190615,3400,44,221,61,129.7,28,11
20181229190616,3800,48,222,62,140.7,32,12
20181229190617,3600,46,223,59,150.7,30,9
20181229190614,3000,40,220,60,120.7,25,10
20181229190615,3400,44,221,61,129.7,28,11
20181229190616,3800,48,222,62,140.7,32,12
20181229190617,3600,46,223,59,150.7,30,9
20181229190614,3000,40,220,60,120.7,25,10
20181229190615,3400,44,221,61,129.7,28,11
20181229190616,3800,48,222,62,140.7,32,12
20181229190617,3600,46,223,59,150.7,30,9
20181229190614,3000,40,220,60,120.7,25,10
20181229190615,3400,44,221,61,129.7,28,11
20181229190616,3800,48,222,62,140.7,32,12
20181229190617,3600,46,223,59,150.7,30,9
20181229190614,3000,40,220,60,120.7,25,10
20181229190615,3400,44,221,61,129.7,28,11
20181229190616,3800,48,222,62,140.7,32,12
20181229190617,3600,46,223,59,150.7,30,9
20181229190614,3000,40,220,60,120.7,25,10
20181229190615,3400,44,221,61,129.7,28,11
20181229190616,3800,48,222,62,140.7,32,12
20181229190617,3600,46,223,59,150.7,30,9
20181229190614,3000,40,220,60,120.7,25,10
20181229190615,3400,44,221,61,129.7,28,11
20181229190616,3800,48,222,62,140.7,32,12
20181229190617,3600,46,223,59,150.7,30,9
20181229190614,3000,40,220,60,120.7,25,10
20181229190615,3400,44,221,61,129.7,28,11
20181229190616,3800,48,222,62,140.7,32,12
20181229190617,3600,46,223,59,150.7,30,9
20181229190614,3000,40,220,60,120.7,25,10
20181229190615,3400,44,221,61,129.7,28,11
20181229190616,3800,48,222,62,140.7,32,12
20181229190617,3600,46,223,59,150.7,30,9
20181229190614,3000,40,220,60,120.7,25,10
20181229190615,3400,44,221,61,129.7,28,11
20181229190616,3800,48,222,62,140.7,32,12
20181229190617,3600,46,223,59,150.7,30,9
20181229190614,3000,40,220,60,120.7,25,10
20181229190615,3400,44,221,61,129.7,28,11
20181229190616,3800,48,222,62,140.7,32,12
20181229190617,3600,46,223,59,150.7,30,9
20181229190614,3000,40,220,60,120.7,25,10
20181229190615,3400,44,221,61,129.7,28,11
20181229190616,3800,48,222,62,140.7,32,12
20181229190617,3600,46,223,59,150.7,30,9
20181229190614,3000,40,220,60,120.7,25,10
20181229190615,3400,44,221,61,129.7,28,11
20181229190616,3800,48,222,62,140.7,32,12
20181229190617,3600,46,223,59,150.7,30,9
20181229190614,3000,40,220,60,120.7,25,10
20181229190615,3400,44,221,61,129.7,28,11
20181229190616,3800,48,222,62,140.7,32,12
20181229190617,3600,46,223,59,150.7,30,9
20181229190614,3000,40,220,60,120.7,25,10
20181229190615,3400,44,221,61,129.7,28,11
20181229190616,3800,48,222,62,140.7,32,12
20181229190617,3600,46,223,59,150.7,30,9
20181229190614,3000,40,220,60,120.7,25,10
20181229190615,3400,44,221,61,129.7,28,11
20181229190616,3800,48,222,62,140.7,32,12
20181229190617,3600,46,223,59,150.7,30,9
20181229190614,3000,40,220,60,120.7,25,10
20181229190615,3400,44,221,61,129.7,28,11
20181229190616,3800,48,222,62,140.7,32,12
20181229190617,3600,46,223,59,150.7,30,9
20181229190614,3000,40,220,60,120.7,25,10
20181229190615,3400,44,221,61,129.7,28,11
20181229190616,3800,48,222,62,140.7,32,12
20181229190617,3600,46,223,59,150.7,30,9
20181229190614,3000,40,220,60,120.7,25,10
20181229190615,3400,44,221,61,129.7,28,11
20181229190616,3800,48,222,62,140.7,32,12
20181229190617,3600,46,223,59,150.7,30,9
20181229190614,3000,40,220,60,120.7,25,10
20181229190615,3400,44,221,61,129.7,28,11
20181229190616,3800,48,222,62,140.7,32,12
20181229190617,3600,46,223,59,150.7,30,9
20181229190614,3000,40,220,60,120.7,25,10
20181229190615,3400,44,221,61,129.7,28,11
20181229190616,3800,48,222,62,140.7,32,12
20181229190617,3600,46,223,59,150.7,30,9
20181229190614,3000,40,220,60,120.7,25,10
20181229190615,3400,44,221,61,129.7,28,11
20181229190616,3800,48,222,62,140.7,32,12
20181229190617,3600,46,223,59,150.7,30,9
20181229190614,3000,40,220,60,120.7,25,10
20181229190615,3400,44,221,61,129.7,28,11
20181229190616,3800,48,222,62,140.7,32,12
20181229190617,3600,46,223,59,150.7,30,9
20181229190614,3000,40,220,60,120.7,25,10
20181229190615,3400,44,221,61,129.7,28,11
20181229190616,3800,48,222,62,140.7,32,12
20181229190617,3600,46,223,59,150.7,30,9
20181229190614,3000,40,220,60,120.7,25,10
20181229190615,3400,44,221,61,129.7,28,11
20181229190616,3800,48,222,62,140.7,32,12
20181229190617,3600,46,223,59,150.7,30,9
20181229190614,3000,40,220,60,120.7,25,10
20181229190615,3400,44,221,61,129.7,28,11
20181229190616,3800,48,222,62,140.7,32,12
20181229190617,3600,46,223,59,150.7,30,9
20181229190614,3000,40,220,60,120.7,25,10
20181229190615,3400,44,221,61,129.7,28,11
20181229190616,3800,48,222,62,140.7,32,12
20181229190617,3600,46,223,59,150.7,30,9
20181229190614,3000,40,220,60,120.7,25,10
20181229190615,3400,44,221,61,129.7,28,11
20181229190616,3800,48,222,62,140.7,32,12
20181229190617,3600,46,223,59,150.7,30,9
20181229190614,3000,40,220,60,120.7,25,10
20181229190615,3400,44,221,61,129.7,28,11
20181229190616,3800,48,222,62,140.7,32,12
20181229190617,3600,46,223,59,150.7,30,9
20181229190614,3000,40,220,60,120.7,25,10
20181229190615,3400,44,221,61,129.7,28,11
20181229190616,3800,48,222,62,140.7,32,12
20181229190617,3600,46,223,59,150.7,30,9
20181229190614,3000,40,220,60,120.7,25,10
20181229190615,3400,44,221,61,129.7,28,11
20181229190616,3800,48,222,62,140.7,32,12
20181229190617,3600,46,223,59,150.7,30,9
20181229190614,3000,40,220,60,120.7,25,10
20181229190615,3400,44,221,61,129.7,28,11
20181229190616,3800,48,222,62,140.7,32,12
20181229190617,3600,46,223,59,150.7,30,9
20181229190614,3000,40,220,60,120.7,25,10
20181229190615,3400,44,221,61,129.7,28,11
20181229190616,3800,48,222,62,140.7,32,12
20181229190617,3600,46,223,59,150.7,30,9
20181229190614,3000,40,220,60,120.7,25,10
20181229190615,3400,44,221,61,129.7,28,11
20181229190616,3800,48,222,62,140.7,32,12
20181229190617,3600,46,223,59,150.7,30,9
20181229190614,3000,40,220,60,120.7,25,10
20181229190615,3400,44,221,61,129.7,28,11
20181229190616,3800,48,222,62,140.7,32,12
20181229190617,3600,46,223,59,150.7,30,9
20181229190614,3000,40,220,60,120.7,25,10
20181229190615,3400,44,221,61,129.7,28,11
20181229190616,3800,48,222,62,140.7,32,12
20181229190617,3600,46,223,59,150.7,30,9
20181229190614,3000,40,220,60,120.7,25,10
20181229190615,3400,44,221,61,129.7,28,11
20181229190616,3800,48,222,62,140.7,32,12
20181229190617,3600,46,223,59,150.7,30,9
20181229190614,3000,40,220,60,120.7,25,10
20181229190615,3400,44,221,61,129.7,28,11
20181229190616,3800,48,222,62,140.7,32,12
20181229190617,3600,46,223,59,150.7,30,9
20181229190614,3000,40,220,60,120.7,25,10
20181229190615,3400,44,221,61,129.7,28,11
20181229190616,3800,48,222,62,140.7,32,12
20181229190617,3600,46,223,59,150.7,30,9
20181229190614,3000,40,220,60,120.7,25,10
20181229190615,3400,44,221,61,129.7,28,11
20181229190616,3800,48,222,62,140.7,32,12
20181229190617,3600,46,223,59,150.7,30,9
20181229190614,3000,40,220,60,120.7,25,10
20181229190615,3400,44,221,61,129.7,28,11
20181229190616,3800,48,222,62,140.7,32,12
20181229190617,3600,46,223,59,150.7,30,9
20181229190614,3000,40,220,60,120.7,25,10
20181229190615,3400,44,221,61,129.7,28,11
20181229190616,3800,48,222,62,140.7,32,12
20181229190617,3600,46,223,59,150.7,30,9
20181229190614,3000,40,220,60,120.7,25,10
20181229190615,3400,44,221,61,129.7,28,11
20181229190616,3800,48,222,62,140.7,32,12
20181229190617,3600,46,223,59,150.7,30,9
20181229190614,3000,40,220,60,120.7,25,10
20181229190615,3400,44,221,61,129.7,28,11
20181229190616,3800,48,222,62,140.7,32,12
20181229190617,3600,46,223,59,150.7,30,9
20181229190614,3000,40,220,60,120.7,25,10
20181229190615,3400,44,221,61,129.7,28,11
20181229190616,3800,48,222,62,140.7,32,12
20181229190617,3600,46,223,59,150.7,30,9
20181229190614,3000,40,220,60,120.7,25,10
20181229190615,3400,44,221,61,129.7,28,11
20181229190616,3800,48,222,62,140.7,32,12
20181229190617,3600,46,223,59,150.7,30,9
20181229190614,3000,40,220,60,120.7,25,10
20181229190615,3400,44,221,61,129.7,28,11
20181229190616,3800,48,222,62,140.7,32,12
20181229190617,3600,46,223,59,150.7,30,9
20181229190614,3000,40,220,60,120.7,25,10
20181229190615,3400,44,221,61,129.7,28,11
20181229190616,3800,48,222,62,140.7,32,12
20181229190617,3600,46,223,59,150.7,30,9
20181229190614,3000,40,220,60,120.7,25,10
20181229190615,3400,44,221,61,129.7,28,11
20181229190616,3800,48,222,62,140.7,32,12
20181229190617,3600,46,223,59,150.7,30,9
20181229190614,3000,40,220,60,120.7,25,10
20181229190615,3400,44,221,61,129.7,28,11
20181229190616,3800,48,222,62,140.7,32,12
20181229190617,3600,46,223,59,150.7,30,9
20181229190614,3000,40,220,60,120.7,25,10
20181229190615,3400,44,221,61,129.7,28,11
20181229190616,3800,48,222,62,140.7,32,12
20181229190617,3600,46,223,59,150.7,30,9
20181229190614,3000,40,220,60,120.7,25,10
20181229190615,3400,44,221,61,129.7,28,11
20181229190616,3800,48,222,62,140.7,32,12
20181229190617,3600,46,223,59,150.7,30,9
20181229190614,3000,40,220,60,120.7,25,10
20181229190615,3400,44,221,61,129.7,28,11
20181229190616,3800,48,222,62,140.7,32,12
20181229190617,3600,46,223,59,150.7,30,9
20181229190614,3000,40,220,60,120.7,25,10
20181229190615,3400,44,221,61,129.7,28,11
20181229190616,3800,48,222,62,140.7,32,12
20181229190617,3600,46,223,59,150.7,30,9
20181229190614,3000,40,220,60,120.7,25,10
20181229190615,3400,44,221,61,129.7,28,11
20181229190616,3800,48,222,62,140.7,32,12
20181229190617,3600,46,223,59,150.7,30,9
20181229190614,3000,40,220,60,120.7,25,10
20181229190615,3400,44,221,61,129.7,28,11
20181229190616,3800,48,222,62,140.7,32,12
20181229190617,3600,46,223,59,150.7,30,9
20181229190614,3000,40,220,60,120.7,25,10
20181229190615,3400,44,221,61,129.7,28,11
20181229190616,3800,48,222,62,140.7,32,12
20181229190617,3600,46,223,59,150.7,30,9
20181229190614,3000,40,220,60,120.7,25,10
20181229190615,3400,44,221,61,129.7,28,11
20181229190616,3800,48,222,62,140.7,32,12
20181229190617,3600,46,223,59,150.7,30,9
20181229190614,3000,40,220,60,120.7,25,10
20181229190615,3400,44,221,61,129.7,28,11
20181229190616,3800,48,222,62,140.7,32,12
20181229190617,3600,46,223,59,150.7,30,9
20181229190614,3000,40,220,60,120.7,25,10
20181229190615,3400,44,221,61,129.7,28,11
20181229190616,3800,48,222,62,140.7,32,12
20181229190617,3600,46,223,59,150.7,30,9
20181229190614,3000,40,220,60,120.7,25,10
20181229190615,3400,44,221,61,129.7,28,11
20181229190616,3800,48,222,62,140.7,32,12
20181229190617,3600,46,223,59,150.7,30,9
20181229190614,3000,40,220,60,120.7,25,10
20181229190615,3400,44,221,61,129.7,28,11
20181229190616,3800,48,222,62,140.7,32,12
20181229190617,3600,46,223,59,150.7,30,9
20181229190614,3000,40,220,60,120.7,25,10
20181229190615,3400,44,221,61,129.7,28,11
20181229190616,3800,48,222,62,140.7,32,12
20181229190617,3600,46,223,59,150.7,30,9
20181229190614,3000,40,220,60,120.7,25,10
20181229190615,3400,44,221,61,129.7,28,11
20181229190616,3800,48,222,62,140.7,32,12
20181229190617,3600,46,223,59,150.7,30,9
20181229190614,3000,40,220,60,120.7,25,10
20181229190615,3400,44,221,61,129.7,28,11
20181229190616,3800,48,222,62,140.7,32,12
20181229190617,3600,46,223,59,150.7,30,9
20181229190614,3000,40,220,60,120.7,25,10
20181229190615,3400,44,221,61,129.7,28,11
20181229190616,3800,48,222,62,140.7,32,12
20181229190617,3600,46,223,59,150.7,30,9
20181229190614,3000,40,220,60,120.7,25,10
20181229190615,3400,44,221,61,129.7,28,11
20181229190616,3800,48,222,62,140.7,32,12
20181229190617,3600,46,223,59,150.7,30,9
20181229190614,3000,40,220,60,120.7,25,10
20181229190615,3400,44,221,61,129.7,28,11
20181229190616,3800,48,222,62,140.7,32,12
20181229190617,3600,46,223,59,150.7,30,9
20181229190614,3000,40,220,60,120.7,25,10
20181229190615,3400,44,221,61,129.7,28,11
20181229190616,3800,48,222,62,140.7,32,12
20181229190617,3600,46,223,59,150.7,30,9
20181229190614,3000,40,220,60,120.7,25,10
20181229190615,3400,44,221,61,129.7,28,11
20181229190616,3800,48,222,62,140.7,32,12
20181229190617,3600,46,223,59,150.7,30,9
20181229190614,3000,40,220,60,120.7,25,10
20181229190615,3400,44,221,61,129.7,28,11
20181229190616,3800,48,222,62,140.7,32,12
20181229190617,3600,46,223,59,150.7,30,9
20181229190614,3000,40,220,60,120.7,25,10
20181229190615,3400,44,221,61,129.7,28,11
20181229190616,3800,48,222,62,140.7,32,12
20181229190617,3600,46,223,59,150.7,30,9
20181229190614,3000,40,220,60,120.7,25,10
20181229190615,3400,44,221,61,129.7,28,11
20181229190616,3800,48,222,62,140.7,32,12
20181229190617,3600,46,223,59,150.7,30,9
20181229190614,3000,40,220,60,120.7,25,10
20181229190615,3400,44,221,61,129.7,28,11
20181229190616,3800,48,222,62,140.7,32,12
20181229190617,3600,46,223,59,150.7,30,9
20181229190614,3000,40,220,60,120.7,25,10
20181229190615,3400,44,221,61,129.7,28,11
20181229190616,3800,48,222,62,140.7,32,12
20181229190617,3600,46,223,59,150.7,30,9
20181229190614,3000,40,220,60,120.7,25,10
20181229190615,3400,44,221,61,129.7,28,11
20181229190616,3800,48,222,62,140.7,32,12
20181229190617,3600,46,223,59,150.7,30,9
20181229190614,3000,40,220,60,120.7,25,10
20181229190615,3400,44,221,61,129.7,28,11
20181229190616,3800,48,222,62,140.7,32,12
20181229190617,3600,46,223,59,150.7,30,9
20181229190614,3000,40,220,60,120.7,25,10
20181229190615,3400,44,221,61,129.7,28,11
20181229190616,3800,48,222,62,140.7,32,12
20181229190617,3600,46,223,59,150.7,30,9
20181229190614,3000,40,220,60,120.7,25,10
20181229190615,3400,44,221,61,129.7,28,11
20181229190616,3800,48,222,62,140.7,32,12
20181229190617,3600,46,223,59,150.7,30,9
20181229190614,3000,40,220,60,120.7,25,10
20181229190615,3400,44,221,61,129.7,28,11
20181229190616,3800,48,222,62,140.7,32,12
20181229190617,3600,46,223,59,150.7,30,9
20181229190614,3000,40,220,60,120.7,25,10
20181229190615,3400,44,221,61,129.7,28,11
20181229190616,3800,48,222,62,140.7,32,12
20181229190617,3600,46,223,59,150.7,30,9
20181229190614,3000,40,220,60,120.7,25,10
20181229190615,3400,44,221,61,129.7,28,11
20181229190616,3800,48,222,62,140.7,32,12
20181229190617,3600,46,223,59,150.7,30,9
20181229190614,3000,40,220,60,120.7,25,10
20181229190615,3400,44,221,61,129.7,28,11
20181229190616,3800,48,222,62,140.7,32,12
20181229190617,3600,46,223,59,150.7,30,9
20181229190614,3000,40,220,60,120.7,25,10
20181229190615,3400,44,221,61,129.7,28,11
20181229190616,3800,48,222,62,140.7,32,12
20181229190617,3600,46,223,59,150.7,30,9
20181229190614,3000,40,220,60,120.7,25,10
20181229190615,3400,44,221,61,129.7,28,11
20181229190616,3800,48,222,62,140.7,32,12
20181229190617,3600,46,223,59,150.7,30,9
20181229190614,3000,40,220,60,120.7,25,10
20181229190615,3400,44,221,61,129.7,28,11
20181229190616,3800,48,222,62,140.7,32,12
20181229190617,3600,46,223,59,150.7,30,9
20181229190614,3000,40,220,60,120.7,25,10
20181229190615,3400,44,221,61,129.7,28,11
20181229190616,3800,48,222,62,140.7,32,12
20181229190617,3600,46,223,59,150.7,30,9
20181229190614,3000,40,220,60,120.7,25,10
20181229190615,3400,44,221,61,129.7,28,11
20181229190616,3800,48,222,62,140.7,32,12
20181229190617,3600,46,223,59,150.7,30,9
20181229190614,3000,40,220,60,120.7,25,10
20181229190615,3400,44,221,61,129.7,28,11
20181229190616,3800,48,222,62,140.7,32,12
20181229190617,3600,46,223,59,150.7,30,9
20181229190614,3000,40,220,60,120.7,25,10
20181229190615,3400,44,221,61,129.7,28,11
20181229190616,3800,48,222,62,140.7,32,12
20181229190617,3600,46,223,59,150.7,30,9
20181229190614,3000,40,220,60,120.7,25,10
20181229190615,3400,44,221,61,129.7,28,11
20181229190616,3800,48,222,62,140.7,32,12
20181229190617,3600,46,223,59,150.7,30,9
20181229190614,3000,40,220,60,120.7,25,10
20181229190615,3400,44,221,61,129.7,28,11
20181229190616,3800,48,222,62,140.7,32,12
20181229190617,3600,46,223,59,150.7,30,9
20181229190614,3000,40,220,60,120.7,25,10
20181229190615,3400,44,221,61,129.7,28,11
20181229190616,3800,48,222,62,140.7,32,12
20181229190617,3600,46,223,59,150.7,30,9
20181229190614,3000,40,220,60,120.7,25,10
20181229190615,3400,44,221,61,129.7,28,11
20181229190616,3800,48,222,62,140.7,32,12
20181229190617,3600,46,223,59,150.7,30,9
20181229190614,3000,40,220,60,120.7,25,10
20181229190615,3400,44,221,61,129.7,28,11
20181229190616,3800,48,222,62,140.7,32,12
20181229190617,3600,46,223,59,150.7,30,9
20181229190614,3000,40,220,60,120.7,25,10
20181229190615,3400,44,221,61,129.7,28,11
20181229190616,3800,48,222,62,140.7,32,12
20181229190617,3600,46,223,59,150.7,30,9
20181229190614,3000,40,220,60,120.7,25,10
20181229190615,3400,44,221,61,129.7,28,11
20181229190616,3800,48,222,62,140.7,32,12
20181229190617,3600,46,223,59,150.7,30,9
20181229190614,3000,40,220,60,120.7,25,10
20181229190615,3400,44,221,61,129.7,28,11
20181229190616,3800,48,222,62,140.7,32,12
20181229190617,3600,46,223,59,150.7,30,9
20181229190614,3000,40,220,60,120.7,25,10
20181229190615,3400,44,221,61,129.7,28,11
20181229190616,3800,48,222,62,140.7,32,12
20181229190617,3600,46,223,59,150.7,30,9
20181229190614,3000,40,220,60,120.7,25,10
20181229190615,3400,44,221,61,129.7,28,11
20181229190616,3800,48,222,62,140.7,32,12
20181229190617,3600,46,223,59,150.7,30,9
20181229190614,3000,40,220,60,120.7,25,10
20181229190615,3400,44,221,61,129.7,28,11
20181229190616,3800,48,222,62,140.7,32,12
20181229190617,3600,46,223,59,150.7,30,9
20181229190614,3000,40,220,60,120.7,25,10
20181229190615,3400,44,221,61,129.7,28,11
20181229190616,3800,48,222,62,140.7,32,12
20181229190617,3600,46,223,59,150.7,30,9
20181229190614,3000,40,220,60,120.7,25,10
20181229190615,3400,44,221,61,129.7,28,11
20181229190616,3800,48,222,62,140.7,32,12
20181229190617,3600,46,223,59,150.7,30,9
20181229190614,3000,40,220,60,120.7,25,10
20181229190615,3400,44,221,61,129.7,28,11
20181229190616,3800,48,222,62,140.7,32,12
20181229190617,3600,46,223,59,150.7,30,9
20181229190614,3000,40,220,60,120.7,25,10
20181229190615,3400,44,221,61,129.7,28,11
20181229190616,3800,48,222,62,140.7,32,12
20181229190617,3600,46,223,59,150.7,30,9
20181229190614,3000,40,220,60,120.7,25,10
20181229190615,3400,44,221,61,129.7,28,11
20181229190616,3800,48,222,62,140.7,32,12
20181229190617,3600,46,223,59,150.7,30,9
20181229190614,3000,40,220,60,120.7,25,10
20181229190615,3400,44,221,61,129.7,28,11
20181229190616,3800,48,222,62,140.7,32,12
20181229190617,3600,46,223,59,150.7,30,9
20181229190614,3000,40,220,60,120.7,25,10
20181229190615,3400,44,221,61,129.7,28,11
20181229190616,3800,48,222,62,140.7,32,12
20181229190617,3600,46,223,59,150.7,30,9
20181229190614,3000,40,220,60,120.7,25,10
20181229190615,3400,44,221,61,129.7,28,11
20181229190616,3800,48,222,62,140.7,32,12
20181229190617,3600,46,223,59,150.7,30,9
20181229190614,3000,40,220,60,120.7,25,10
20181229190615,3400,44,221,61,129.7,28,11
20181229190616,3800,48,222,62,140.7,32,12
20181229190617,3600,46,223,59,150.7,30,9
20181229190614,3000,40,220,60,120.7,25,10
20181229190615,3400,44,221,61,129.7,28,11
20181229190616,3800,48,222,62,140.7,32,12
20181229190617,3600,46,223,59,150.7,30,9
20181229190614,3000,40,220,60,120.7,25,10
20181229190615,3400,44,221,61,129.7,28,11
20181229190616,3800,48,222,62,140.7,32,12
20181229190617,3600,46,223,59,150.7,30,9
20181229190614,3000,40,220,60,120.7,25,10
20181229190615,3400,44,221,61,129.7,28,11
20181229190616,3800,48,222,62,140.7,32,12
20181229190617,3600,46,223,59,150.7,30,9
20181229190614,3000,40,220,60,120.7,25,10
20181229190615,3400,44,221,61,129.7,28,11
20181229190616,3800,48,222,62,140.7,32,12
20181229190617,3600,46,223,59,150.7,30,9
20181229190614,3000,40,220,60,120.7,25,10
20181229190615,3400,44,221,61,129.7,28,11
20181229190616,3800,48,222,62,140.7,32,12
20181229190617,3600,46,223,59,150.7,30,9
20181229190614,3000,40,220,60,120.7,25,10
20181229190615,3400,44,221,61,129.7,28,11
20181229190616,3800,48,222,62,140.7,32,12
20181229190617,3600,46,223,59,150.7,30,9
20181229190614,3000,40,220,60,120.7,25,10
20181229190615,3400,44,221,61,129.7,28,11
20181229190616,3800,48,222,62,140.7,32,12
20181229190617,3600,46,223,59,150.7,30,9
20181229190614,3000,40,220,60,120.7,25,10
20181229190615,3400,44,221,61,129.7,28,11
20181229190616,3800,48,222,62,140.7,32,12
20181229190617,3600,46,223,59,150.7,30,9
20181229190614,3000,40,220,60,120.7,25,10
20181229190615,3400,44,221,61,129.7,28,11
20181229190616,3800,48,222,62,140.7,32,12
20181229190617,3600,46,223,59,150.7,30,9
